2Theta,Intensity
5.0000,0.0000
5.0200,0.0000
5.0400,0.0000
5.0600,0.0000
5.0800,0.0000
5.1000,0.0000
5.1200,0.0000
5.1400,0.0000
5.1600,0.0000
5.1800,0.0000
5.2000,0.0000
5.2200,0.0000
5.2400,0.0000
5.2600,0.0000
5.2800,0.0000
5.3000,0.0000
5.3200,0.0000
5.3400,0.0000
5.3600,0.0000
5.3800,0.0000
5.4000,0.0000
5.4200,0.0000
5.4400,0.0000
5.4600,0.0000
5.4800,0.0000
5.5000,0.0000
5.5200,0.0000
5.5400,0.0000
5.5600,0.0000
5.5800,0.0000
5.6000,0.0000
5.6200,0.0000
5.6400,0.0000
5.6600,0.0000
5.6800,0.0000
5.7000,0.0000
5.7200,0.0000
5.7400,0.0000
5.7600,0.0000
5.7800,0.0000
5.8000,0.0000
5.8200,0.0000
5.8400,0.0000
5.8600,0.0000
5.8800,0.0000
5.9000,0.0000
5.9200,0.0000
5.9400,0.0000
5.9600,0.0000
5.9800,0.0000
6.0000,0.0000
6.0200,0.0000
6.0400,0.0000
6.0600,0.0000
6.0800,0.0000
6.1000,0.0000
6.1200,0.0000
6.1400,0.0000
6.1600,0.0000
6.1800,0.0000
6.2000,0.0000
6.2200,0.0000
6.2400,0.0000
6.2600,0.0000
6.2800,0.0000
6.3000,0.0000
6.3200,0.0000
6.3400,0.0000
6.3600,0.0000
6.3800,0.0000
6.4000,0.0000
6.4200,0.0000
6.4400,0.0000
6.4600,0.0000
6.4800,0.0000
6.5000,0.0000
6.5200,0.0000
6.5400,0.0000
6.5600,0.0000
6.5800,0.0000
6.6000,0.0000
6.6200,0.0000
6.6400,0.0000
6.6600,0.0000
6.6800,0.0000
6.7000,0.0000
6.7200,0.0000
6.7400,0.0000
6.7600,0.0000
6.7800,0.0000
6.8000,0.0000
6.8200,0.0000
6.8400,0.0000
6.8600,0.0000
6.8800,0.0000
6.9000,0.0000
6.9200,0.0000
6.9400,0.0000
6.9600,0.0000
6.9800,0.0000
7.0000,0.0000
7.0200,0.0000
7.0400,0.0000
7.0600,0.0000
7.0800,0.0000
7.1000,0.0000
7.1200,0.0000
7.1400,0.0000
7.1600,0.0000
7.1800,0.0000
7.2000,0.0000
7.2200,0.0000
7.2400,0.0000
7.2600,0.0000
7.2800,0.0000
7.3000,0.0000
7.3200,0.0000
7.3400,0.0000
7.3600,0.0000
7.3800,0.0000
7.4000,0.0000
7.4200,0.0000
7.4400,0.0000
7.4600,0.0000
7.4800,0.0000
7.5000,0.0000
7.5200,0.0000
7.5400,0.0000
7.5600,0.0000
7.5800,0.0000
7.6000,0.0000
7.6200,0.0000
7.6400,0.0000
7.6600,0.0000
7.6800,0.0000
7.7000,0.0000
7.7200,0.0000
7.7400,0.0000
7.7600,0.0000
7.7800,0.0000
7.8000,0.0000
7.8200,0.0000
7.8400,0.0000
7.8600,0.0000
7.8800,0.0000
7.9000,0.0000
7.9200,0.0000
7.9400,0.0000
7.9600,0.0000
7.9800,0.0000
8.0000,0.0000
8.0200,0.0000
8.0400,0.0000
8.0600,0.0000
8.0800,0.0000
8.1000,0.0000
8.1200,0.0000
8.1400,0.0000
8.1600,0.0000
8.1800,0.0000
8.2000,0.0000
8.2200,0.0000
8.2400,0.0000
8.2600,0.0000
8.2800,0.0000
8.3000,0.0000
8.3200,0.0000
8.3400,0.0000
8.3600,0.0000
8.3800,0.0000
8.4000,0.0000
8.4200,0.0000
8.4400,0.0000
8.4600,0.0000
8.4800,0.0000
8.5000,0.0000
8.5200,0.0000
8.5400,0.0000
8.5600,0.0000
8.5800,0.0000
8.6000,0.0000
8.6200,0.0000
8.6400,0.0000
8.6600,0.0000
8.6800,0.0000
8.7000,0.0000
8.7200,0.0000
8.7400,0.0000
8.7600,0.0000
8.7800,0.0000
8.8000,0.0000
8.8200,0.0000
8.8400,0.0000
8.8600,0.0000
8.8800,0.0000
8.9000,0.0000
8.9200,0.0000
8.9400,0.0000
8.9600,0.0000
8.9800,0.0000
9.0000,0.0000
9.0200,0.0000
9.0400,0.0000
9.0600,0.0000
9.0800,0.0000
9.1000,0.0000
9.1200,0.0000
9.1400,0.0000
9.1600,0.0000
9.1800,0.0000
9.2000,0.0000
9.2200,0.0000
9.2400,0.0000
9.2600,0.0000
9.2800,0.0000
9.3000,0.0000
9.3200,0.0000
9.3400,0.0000
9.3600,0.0000
9.3800,0.0000
9.4000,0.0000
9.4200,0.0000
9.4400,0.0000
9.4600,0.0000
9.4800,0.0000
9.5000,0.0000
9.5200,0.0000
9.5400,0.0000
9.5600,0.0000
9.5800,0.0000
9.6000,0.0000
9.6200,0.0000
9.6400,0.0000
9.6600,0.0000
9.6800,0.0000
9.7000,0.0000
9.7200,0.0000
9.7400,0.0000
9.7600,0.0000
9.7800,0.0004
9.8000,0.0092
9.8200,0.1346
9.8400,1.2488
9.8600,7.3665
9.8800,27.6332
9.9000,65.9191
9.9200,100.0000
9.9400,96.4712
9.9600,59.1840
9.9800,23.0898
10.0000,5.7286
10.0200,0.9038
10.0400,0.0907
10.0600,0.0058
10.0800,0.0002
10.1000,0.0000
10.1200,0.0000
10.1400,0.0000
10.1600,0.0000
10.1800,0.0000
10.2000,0.0000
10.2200,0.0000
10.2400,0.0000
10.2600,0.0000
10.2800,0.0000
10.3000,0.0000
10.3200,0.0000
10.3400,0.0000
10.3600,0.0000
10.3800,0.0000
10.4000,0.0000
10.4200,0.0000
10.4400,0.0000
10.4600,0.0000
10.4800,0.0000
10.5000,0.0000
10.5200,0.0000
10.5400,0.0000
10.5600,0.0000
10.5800,0.0000
10.6000,0.0000
10.6200,0.0000
10.6400,0.0000
10.6600,0.0000
10.6800,0.0000
10.7000,0.0000
10.7200,0.0000
10.7400,0.0000
10.7600,0.0000
10.7800,0.0000
10.8000,0.0000
10.8200,0.0000
10.8400,0.0000
10.8600,0.0000
10.8800,0.0000
10.9000,0.0000
10.9200,0.0000
10.9400,0.0000
10.9600,0.0000
10.9800,0.0000
11.0000,0.0000
11.0200,0.0000
11.0400,0.0000
11.0600,0.0000
11.0800,0.0000
11.1000,0.0000
11.1200,0.0000
11.1400,0.0000
11.1600,0.0000
11.1800,0.0000
11.2000,0.0000
11.2200,0.0000
11.2400,0.0000
11.2600,0.0000
11.2800,0.0000
11.3000,0.0000
11.3200,0.0000
11.3400,0.0000
11.3600,0.0000
11.3800,0.0000
11.4000,0.0000
11.4200,0.0000
11.4400,0.0000
11.4600,0.0000
11.4800,0.0000
11.5000,0.0000
11.5200,0.0000
11.5400,0.0000
11.5600,0.0000
11.5800,0.0000
11.6000,0.0000
11.6200,0.0000
11.6400,0.0000
11.6600,0.0000
11.6800,0.0000
11.7000,0.0000
11.7200,0.0000
11.7400,0.0000
11.7600,0.0000
11.7800,0.0000
11.8000,0.0000
11.8200,0.0000
11.8400,0.0000
11.8600,0.0000
11.8800,0.0000
11.9000,0.0000
11.9200,0.0000
11.9400,0.0000
11.9600,0.0000
11.9800,0.0000
12.0000,0.0000
12.0200,0.0000
12.0400,0.0000
12.0600,0.0000
12.0800,0.0000
12.1000,0.0000
12.1200,0.0000
12.1400,0.0000
12.1600,0.0000
12.1800,0.0000
12.2000,0.0000
12.2200,0.0000
12.2400,0.0000
12.2600,0.0000
12.2800,0.0000
12.3000,0.0000
12.3200,0.0000
12.3400,0.0000
12.3600,0.0000
12.3800,0.0000
12.4000,0.0000
12.4200,0.0000
12.4400,0.0000
12.4600,0.0000
12.4800,0.0000
12.5000,0.0000
12.5200,0.0000
12.5400,0.0000
12.5600,0.0000
12.5800,0.0000
12.6000,0.0000
12.6200,0.0000
12.6400,0.0000
12.6600,0.0000
12.6800,0.0000
12.7000,0.0000
12.7200,0.0000
12.7400,0.0004
12.7600,0.0084
12.7800,0.1144
12.8000,0.9916
12.8200,5.4630
12.8400,19.1407
12.8600,42.6471
12.8800,60.4270
12.9000,54.4480
12.9200,31.1990
12.9400,11.3687
12.9600,2.6344
12.9800,0.3882
13.0000,0.0364
13.0200,0.0022
13.0400,0.0001
13.0600,0.0000
13.0800,0.0000
13.1000,0.0000
13.1200,0.0000
13.1400,0.0000
13.1600,0.0000
13.1800,0.0000
13.2000,0.0000
13.2200,0.0000
13.2400,0.0000
13.2600,0.0000
13.2800,0.0000
13.3000,0.0000
13.3200,0.0000
13.3400,0.0000
13.3600,0.0000
13.3800,0.0000
13.4000,0.0000
13.4200,0.0000
13.4400,0.0000
13.4600,0.0000
13.4800,0.0000
13.5000,0.0000
13.5200,0.0000
13.5400,0.0000
13.5600,0.0000
13.5800,0.0000
13.6000,0.0000
13.6200,0.0000
13.6400,0.0000
13.6600,0.0001
13.6800,0.0017
13.7000,0.0291
13.7200,0.3148
13.7400,2.1671
13.7600,9.4870
13.7800,26.4115
13.8000,46.7594
13.8200,52.6445
13.8400,37.6918
13.8600,17.1613
13.8800,4.9689
13.9000,0.9149
13.9200,0.1071
13.9400,0.0080
13.9600,0.0015
13.9800,0.0206
14.0000,0.2346
14.0200,1.7021
14.0400,7.8528
14.0600,23.0394
14.0800,42.9859
14.1000,51.0022
14.1200,38.4823
14.1400,18.4647
14.1600,5.6342
14.1800,1.0933
14.2000,0.1349
14.2200,0.0106
14.2400,0.0005
14.2600,0.0000
14.2800,0.0000
14.3000,0.0000
14.3200,0.0000
14.3400,0.0000
14.3600,0.0000
14.3800,0.0000
14.4000,0.0000
14.4200,0.0000
14.4400,0.0000
14.4600,0.0000
14.4800,0.0000
14.5000,0.0000
14.5200,0.0000
14.5400,0.0000
14.5600,0.0000
14.5800,0.0000
14.6000,0.0000
14.6200,0.0000
14.6400,0.0000
14.6600,0.0000
14.6800,0.0000
14.7000,0.0000
14.7200,0.0000
14.7400,0.0000
14.7600,0.0000
14.7800,0.0000
14.8000,0.0000
14.8200,0.0000
14.8400,0.0000
14.8600,0.0000
14.8800,0.0000
14.9000,0.0000
14.9200,0.0000
14.9400,0.0000
14.9600,0.0000
14.9800,0.0000
15.0000,0.0000
15.0200,0.0003
15.0400,0.0057
15.0600,0.0781
15.0800,0.6829
15.1000,3.7989
15.1200,13.4400
15.1400,30.2372
15.1600,43.2609
15.1800,39.3602
15.2000,22.7735
15.2200,8.3793
15.2400,1.9606
15.2600,0.2917
15.2800,0.0276
15.3000,0.0017
15.3200,0.0001
15.3400,0.0000
15.3600,0.0000
15.3800,0.0000
15.4000,0.0000
15.4200,0.0000
15.4400,0.0000
15.4600,0.0000
15.4800,0.0000
15.5000,0.0000
15.5200,0.0000
15.5400,0.0000
15.5600,0.0000
15.5800,0.0000
15.6000,0.0000
15.6200,0.0000
15.6400,0.0000
15.6600,0.0000
15.6800,0.0000
15.7000,0.0000
15.7200,0.0000
15.7400,0.0000
15.7600,0.0000
15.7800,0.0000
15.8000,0.0000
15.8200,0.0000
15.8400,0.0000
15.8600,0.0000
15.8800,0.0000
15.9000,0.0000
15.9200,0.0000
15.9400,0.0000
15.9600,0.0000
15.9800,0.0000
16.0000,0.0000
16.0200,0.0000
16.0400,0.0000
16.0600,0.0000
16.0800,0.0000
16.1000,0.0000
16.1200,0.0000
16.1400,0.0000
16.1600,0.0000
16.1800,0.0000
16.2000,0.0000
16.2200,0.0000
16.2400,0.0000
16.2600,0.0000
16.2800,0.0000
16.3000,0.0000
16.3200,0.0000
16.3400,0.0000
16.3600,0.0000
16.3800,0.0000
16.4000,0.0000
16.4200,0.0000
16.4400,0.0000
16.4600,0.0000
16.4800,0.0000
16.5000,0.0000
16.5200,0.0000
16.5400,0.0000
16.5600,0.0000
16.5800,0.0000
16.6000,0.0000
16.6200,0.0000
16.6400,0.0000
16.6600,0.0000
16.6800,0.0000
16.7000,0.0000
16.7200,0.0000
16.7400,0.0000
16.7600,0.0000
16.7800,0.0000
16.8000,0.0000
16.8200,0.0000
16.8400,0.0000
16.8600,0.0000
16.8800,0.0000
16.9000,0.0000
16.9200,0.0000
16.9400,0.0000
16.9600,0.0000
16.9800,0.0000
17.0000,0.0000
17.0200,0.0000
17.0400,0.0000
17.0600,0.0000
17.0800,0.0000
17.1000,0.0000
17.1200,0.0000
17.1400,0.0000
17.1600,0.0000
17.1800,0.0000
17.2000,0.0001
17.2200,0.0032
17.2400,0.0455
17.2600,0.4186
17.2800,2.4465
17.3000,9.0930
17.3200,21.4921
17.3400,32.3042
17.3600,30.8779
17.3800,18.7692
17.4000,7.2552
17.4200,1.7835
17.4400,0.2788
17.4600,0.0277
17.4800,0.0018
17.5000,0.0001
17.5200,0.0000
17.5400,0.0000
17.5600,0.0001
17.5800,0.0018
17.6000,0.0277
17.6200,0.2765
17.6400,1.7558
17.6600,7.0893
17.6800,18.2028
17.7000,29.7221
17.7200,30.8625
17.7400,20.3794
17.7600,8.5578
17.7800,2.2853
17.8000,0.3881
17.8200,0.0419
17.8400,0.0029
17.8600,0.0001
17.8800,0.0000
17.9000,0.0000
17.9200,0.0000
17.9400,0.0000
17.9600,0.0000
17.9800,0.0000
18.0000,0.0000
18.0200,0.0000
18.0400,0.0000
18.0600,0.0000
18.0800,0.0000
18.1000,0.0000
18.1200,0.0000
18.1400,0.0000
18.1600,0.0000
18.1800,0.0000
18.2000,0.0000
18.2200,0.0000
18.2400,0.0000
18.2600,0.0000
18.2800,0.0000
18.3000,0.0000
18.3200,0.0000
18.3400,0.0000
18.3600,0.0000
18.3800,0.0000
18.4000,0.0000
18.4200,0.0000
18.4400,0.0000
18.4600,0.0000
18.4800,0.0000
18.5000,0.0000
18.5200,0.0000
18.5400,0.0000
18.5600,0.0000
18.5800,0.0000
18.6000,0.0000
18.6200,0.0000
18.6400,0.0000
18.6600,0.0000
18.6800,0.0000
18.7000,0.0000
18.7200,0.0000
18.7400,0.0000
18.7600,0.0004
18.7800,0.0072
18.8000,0.0888
18.8200,0.6943
18.8400,3.4524
18.8600,10.9167
18.8800,21.9519
18.9000,28.0712
18.9200,22.8275
18.9400,11.8050
18.9600,3.8822
18.9800,0.8119
19.0000,0.1080
19.0200,0.0091
19.0400,0.0005
19.0600,0.0000
19.0800,0.0000
19.1000,0.0000
19.1200,0.0000
19.1400,0.0000
19.1600,0.0000
19.1800,0.0000
19.2000,0.0000
19.2200,0.0000
19.2400,0.0002
19.2600,0.0050
19.2800,0.0650
19.3000,0.5347
19.3200,2.7978
19.3400,9.3103
19.3600,19.7023
19.3800,26.5145
19.4000,22.6912
19.4200,12.3499
19.4400,4.2848
19.4600,1.0639
19.4800,1.0207
19.5000,4.0910
19.5200,11.9042
19.5400,22.0890
19.5600,26.0665
19.5800,19.5613
19.6000,9.3352
19.6200,2.8331
19.6400,0.5468
19.6600,0.0671
19.6800,0.0052
19.7000,0.0003
19.7200,0.0000
19.7400,0.0000
19.7600,0.0000
19.7800,0.0000
19.8000,0.0012
19.8200,0.0199
19.8400,0.2018
19.8600,1.3014
19.8800,5.3372
19.9000,13.9191
19.9200,23.0843
19.9400,24.3464
19.9600,16.3320
19.9800,7.0074
20.0000,2.2659
20.0200,2.4318
20.0400,7.5232
20.0600,16.9965
20.0800,25.0106
20.1000,25.6779
20.1200,23.4317
20.1400,24.9455
20.1600,25.6777
20.1800,19.1682
20.2000,9.3644
20.2200,2.9259
20.2400,0.5820
20.2600,0.0736
20.2800,0.0059
20.3000,0.0003
20.3200,0.0000
20.3400,0.0000
20.3600,0.0000
20.3800,0.0000
20.4000,0.0000
20.4200,0.0000
20.4400,0.0000
20.4600,0.0000
20.4800,0.0000
20.5000,0.0000
20.5200,0.0000
20.5400,0.0000
20.5600,0.0000
20.5800,0.0000
20.6000,0.0000
20.6200,0.0000
20.6400,0.0000
20.6600,0.0000
20.6800,0.0000
20.7000,0.0000
20.7200,0.0000
20.7400,0.0000
20.7600,0.0000
20.7800,0.0000
20.8000,0.0000
20.8200,0.0000
20.8400,0.0000
20.8600,0.0000
20.8800,0.0000
20.9000,0.0000
20.9200,0.0000
20.9400,0.0000
20.9600,0.0000
20.9800,0.0000
21.0000,0.0000
21.0200,0.0000
21.0400,0.0000
21.0600,0.0000
21.0800,0.0000
21.1000,0.0000
21.1200,0.0000
21.1400,0.0000
21.1600,0.0000
21.1800,0.0000
21.2000,0.0000
21.2200,0.0000
21.2400,0.0000
21.2600,0.0000
21.2800,0.0000
21.3000,0.0000
21.3200,0.0000
21.3400,0.0000
21.3600,0.0000
21.3800,0.0000
21.4000,0.0000
21.4200,0.0000
21.4400,0.0000
21.4600,0.0000
21.4800,0.0000
21.5000,0.0000
21.5200,0.0000
21.5400,0.0000
21.5600,0.0007
21.5800,0.0123
21.6000,0.1316
21.6200,0.8955
21.6400,3.8759
21.6600,10.6677
21.6800,18.6716
21.7000,20.7826
21.7200,14.7105
21.7400,6.6216
21.7600,1.8954
21.7800,0.3450
21.8000,0.0399
21.8200,0.0029
21.8400,0.0001
21.8600,0.0000
21.8800,0.0000
21.9000,0.0000
21.9200,0.0000
21.9400,0.0000
21.9600,0.0000
21.9800,0.0000
22.0000,0.0000
22.0200,0.0000
22.0400,0.0000
22.0600,0.0000
22.0800,0.0000
22.1000,0.0001
22.1200,0.0030
22.1400,0.0404
22.1600,0.3445
22.1800,1.8701
22.2000,6.4558
22.2200,14.1727
22.2400,19.7862
22.2600,17.5663
22.2800,9.9176
22.3000,3.5608
22.3200,0.8130
22.3400,0.1180
22.3600,0.0109
22.3800,0.0006
22.4000,0.0000
22.4200,0.0000
22.4400,0.0000
22.4600,0.0000
22.4800,0.0000
22.5000,0.0000
22.5200,0.0000
22.5400,0.0000
22.5600,0.0000
22.5800,0.0000
22.6000,0.0000
22.6200,0.0000
22.6400,0.0000
22.6600,0.0000
22.6800,0.0000
22.7000,0.0000
22.7200,0.0000
22.7400,0.0000
22.7600,0.0000
22.7800,0.0000
22.8000,0.0000
22.8200,0.0000
22.8400,0.0000
22.8600,0.0000
22.8800,0.0000
22.9000,0.0000
22.9200,0.0000
22.9400,0.0000
22.9600,0.0000
22.9800,0.0000
23.0000,0.0000
23.0200,0.0000
23.0400,0.0000
23.0600,0.0000
23.0800,0.0000
23.1000,0.0000
23.1200,0.0000
23.1400,0.0000
23.1600,0.0000
23.1800,0.0000
23.2000,0.0000
23.2200,0.0000
23.2400,0.0000
23.2600,0.0000
23.2800,0.0000
23.3000,0.0006
23.3200,0.0099
23.3400,0.1069
23.3600,0.7346
23.3800,3.2111
23.4000,8.9261
23.4200,15.7788
23.4400,17.7376
23.4600,12.6802
23.4800,5.7646
23.5000,1.6665
23.5200,0.3064
23.5400,0.0358
23.5600,0.0027
23.5800,0.0001
23.6000,0.0000
23.6200,0.0000
23.6400,0.0000
23.6600,0.0000
23.6800,0.0000
23.7000,0.0000
23.7200,0.0000
23.7400,0.0000
23.7600,0.0000
23.7800,0.0000
23.8000,0.0000
23.8200,0.0000
23.8400,0.0000
23.8600,0.0000
23.8800,0.0000
23.9000,0.0000
23.9200,0.0000
23.9400,0.0000
23.9600,0.0000
23.9800,0.0000
24.0000,0.0000
24.0200,0.0000
24.0400,0.0000
24.0600,0.0000
24.0800,0.0000
24.1000,0.0000
24.1200,0.0000
24.1400,0.0000
24.1600,0.0000
24.1800,0.0000
24.2000,0.0000
24.2200,0.0000
24.2400,0.0000
24.2600,0.0000
24.2800,0.0000
24.3000,0.0000
24.3200,0.0000
24.3400,0.0000
24.3600,0.0000
24.3800,0.0000
24.4000,0.0001
24.4200,0.0014
24.4400,0.0206
24.4600,0.1922
24.4800,1.1385
24.5000,4.2877
24.5200,10.2691
24.5400,15.6406
24.5600,15.1490
24.5800,9.3309
24.6000,3.6548
24.6200,0.9104
24.6400,0.1442
24.6600,0.0145
24.6800,0.0009
24.7000,0.0000
24.7200,0.0000
24.7400,0.0000
24.7600,0.0000
24.7800,0.0000
24.8000,0.0000
24.8200,0.0000
24.8400,0.0000
24.8600,0.0000
24.8800,0.0000
24.9000,0.0000
24.9200,0.0000
24.9400,0.0000
24.9600,0.0000
24.9800,0.0000
25.0000,0.0000
25.0200,0.0001
25.0400,0.0021
25.0600,0.0287
25.0800,0.2490
25.1000,1.3728
25.1200,4.8137
25.1400,10.7346
25.1600,15.2284
25.1800,13.8001
25.2000,8.3978
25.2200,5.2770
25.2400,7.6705
25.2600,13.0662
25.2800,15.2765
25.3000,11.4309
25.3200,5.4421
25.3400,1.6477
25.3600,0.3173
25.3800,0.0388
25.4000,0.0030
25.4200,0.0001
25.4400,0.0000
25.4600,0.0000
25.4800,0.0000
25.5000,0.0000
25.5200,0.0000
25.5400,0.0000
25.5600,0.0000
25.5800,0.0000
25.6000,0.0000
25.6200,0.0000
25.6400,0.0000
25.6600,0.0000
25.6800,0.0000
25.7000,0.0000
25.7200,0.0000
25.7400,0.0000
25.7600,0.0000
25.7800,0.0000
25.8000,0.0003
25.8200,0.0059
25.8400,0.0675
25.8600,0.4885
25.8800,2.2472
25.9000,6.5741
25.9200,12.2302
25.9400,14.4691
25.9600,10.8857
25.9800,5.2081
26.0000,1.5846
26.0200,0.3066
26.0400,0.0377
26.0600,0.0030
26.0800,0.0001
26.1000,0.0001
26.1200,0.0012
26.1400,0.0176
26.1600,0.1645
26.1800,0.9774
26.2000,3.6933
26.2200,8.8754
26.2400,13.5633
26.2600,13.1811
26.2800,8.1461
26.3000,3.2015
26.3200,0.8001
26.3400,0.1272
26.3600,0.0132
26.3800,0.0068
26.4000,0.0676
26.4200,0.4841
26.4400,2.2062
26.4600,6.3941
26.4800,11.7851
26.5000,13.8132
26.5200,10.2959
26.5400,4.8803
26.5600,1.4711
26.5800,0.2820
26.6000,0.0344
26.6200,0.0027
26.6400,0.0001
26.6600,0.0000
26.6800,0.0000
26.7000,0.0000
26.7200,0.0000
26.7400,0.0000
26.7600,0.0000
26.7800,0.0000
26.8000,0.0000
26.8200,0.0000
26.8400,0.0000
26.8600,0.0000
26.8800,0.0000
26.9000,0.0000
26.9200,0.0000
26.9400,0.0000
26.9600,0.0000
26.9800,0.0000
27.0000,0.0000
27.0200,0.0000
27.0400,0.0000
27.0600,0.0000
27.0800,0.0000
27.1000,0.0000
27.1200,0.0000
27.1400,0.0000
27.1600,0.0000
27.1800,0.0000
27.2000,0.0000
27.2200,0.0000
27.2400,0.0000
27.2600,0.0000
27.2800,0.0000
27.3000,0.0000
27.3200,0.0000
27.3400,0.0000
27.3600,0.0000
27.3800,0.0000
27.4000,0.0000
27.4200,0.0000
27.4400,0.0000
27.4600,0.0000
27.4800,0.0000
27.5000,0.0000
27.5200,0.0000
27.5400,0.0000
27.5600,0.0000
27.5800,0.0000
27.6000,0.0000
27.6200,0.0000
27.6400,0.0000
27.6600,0.0000
27.6800,0.0000
27.7000,0.0003
27.7200,0.0057
27.7400,0.0640
27.7600,0.4540
27.7800,2.0504
27.8000,5.9164
27.8200,11.0740
27.8400,14.3223
27.8600,15.6402
27.8800,18.9132
27.9000,23.3279
27.9200,22.6105
27.9400,15.2970
27.9600,6.9744
27.9800,2.1103
28.0000,0.4189
28.0200,0.0541
28.0400,0.0045
28.0600,0.0002
28.0800,0.0000
28.1000,0.0000
28.1200,0.0000
28.1400,0.0000
28.1600,0.0000
28.1800,0.0000
28.2000,0.0000
28.2200,0.0000
28.2400,0.0001
28.2600,0.0024
28.2800,0.0308
28.3000,0.2551
28.3200,1.3654
28.3400,4.7796
28.3600,11.1927
28.3800,18.0906
28.4000,20.8082
28.4200,17.2388
28.4400,10.1280
28.4600,4.0882
28.4800,1.0999
28.5000,0.1933
28.5200,0.0253
28.5400,0.0430
28.5600,0.3173
28.5800,1.5440
28.6000,4.7784
28.6200,9.4041
28.6400,11.7698
28.6600,9.3676
28.6800,4.7413
28.7000,1.5261
28.7200,0.3125
28.7400,0.0431
28.7600,0.0340
28.7800,0.2484
28.8000,1.2782
28.8200,4.1851
28.8400,8.7144
28.8600,11.5393
28.8800,9.7170
28.9000,5.2034
28.9200,1.7720
28.9400,0.3837
28.9600,0.0529
28.9800,0.0049
29.0000,0.0057
29.0200,0.0605
29.0400,0.4258
29.0600,1.9043
29.0800,5.4165
29.1000,9.7975
29.1200,11.2709
29.1400,8.2612
29.1600,3.9921
29.1800,2.0310
29.2000,3.4646
29.2200,7.5539
29.2400,11.3150
29.2600,11.8671
29.2800,10.9734
29.3000,11.5812
29.3200,11.7193
29.3400,8.6176
29.3600,4.1535
29.3800,1.2810
29.4000,0.2516
29.4200,0.0314
29.4400,0.0025
29.4600,0.0001
29.4800,0.0000
29.5000,0.0000
29.5200,0.0000
29.5400,0.0000
29.5600,0.0000
29.5800,0.0000
29.6000,0.0000
29.6200,0.0000
29.6400,0.0000
29.6600,0.0000
29.6800,0.0000
29.7000,0.0000
29.7200,0.0000
29.7400,0.0000
29.7600,0.0000
29.7800,0.0000
29.8000,0.0000
29.8200,0.0002
29.8400,0.0042
29.8600,0.0485
29.8800,0.3524
29.9000,1.6296
29.9200,4.7945
29.9400,8.9926
29.9600,10.9039
29.9800,9.3100
30.0000,7.9504
30.0200,9.8802
30.0400,13.0450
30.0600,14.5897
30.0800,14.2841
30.1000,11.8148
30.1200,7.2682
30.1400,3.0266
30.1600,0.8240
30.1800,0.2008
30.2000,0.4256
30.2200,1.8126
30.2400,5.0910
30.2600,9.0985
30.2800,10.3406
30.3000,7.4736
30.3200,3.4350
30.3400,1.0040
30.3600,0.1878
30.3800,0.0389
30.4000,0.1510
30.4200,0.8436
30.4400,3.0301
30.4600,6.9215
30.4800,10.0555
30.5000,9.3059
30.5200,5.6151
30.5400,2.9221
30.5600,3.6065
30.5800,7.0876
30.6000,10.0282
30.6200,9.1049
30.6400,5.2601
30.6600,1.9326
30.6800,0.4516
30.7000,0.0671
30.7200,0.0063
30.7400,0.0004
30.7600,0.0000
30.7800,0.0000
30.8000,0.0000
30.8200,0.0000
30.8400,0.0000
30.8600,0.0001
30.8800,0.0012
30.9000,0.0170
30.9200,0.1568
30.9400,0.9380
30.9600,3.6649
30.9800,9.4413
31.0000,16.1873
31.0200,18.6093
31.0400,14.4792
31.0600,8.1889
31.0800,5.3902
31.1000,7.1356
31.1200,9.6790
31.1400,8.9263
31.1600,5.2718
31.1800,1.9814
31.2000,0.4736
31.2200,0.0720
31.2400,0.0070
31.2600,0.0004
31.2800,0.0000
31.3000,0.0000
31.3200,0.0000
31.3400,0.0000
31.3600,0.0000
31.3800,0.0000
31.4000,0.0000
31.4200,0.0000
31.4400,0.0000
31.4600,0.0000
31.4800,0.0003
31.5000,0.0052
31.5200,0.0563
31.5400,0.3875
31.5600,1.6959
31.5800,4.7196
31.6000,8.3524
31.6200,9.4001
31.6400,6.7276
31.6600,3.0619
31.6800,0.8862
31.7000,0.1631
31.7200,0.0191
31.7400,0.0014
31.7600,0.0001
31.7800,0.0000
31.8000,0.0000
31.8200,0.0000
31.8400,0.0000
31.8600,0.0000
31.8800,0.0000
31.9000,0.0000
31.9200,0.0000
31.9400,0.0000
31.9600,0.0000
31.9800,0.0000
32.0000,0.0000
32.0200,0.0000
32.0400,0.0000
32.0600,0.0000
32.0800,0.0000
32.1000,0.0007
32.1200,0.0102
32.1400,0.1000
32.1600,0.6327
32.1800,2.6141
32.2000,7.1517
32.2200,13.1813
32.2400,16.6251
32.2600,14.4572
32.2800,8.6285
32.3000,3.4846
32.3200,0.9358
32.3400,0.1646
32.3600,0.0188
32.3800,0.0015
32.4000,0.0021
32.4200,0.0251
32.4400,0.2012
32.4600,1.0244
32.4800,3.3164
32.5000,6.8280
32.5200,8.9397
32.5400,7.4435
32.5600,3.9452
32.5800,1.3724
32.6000,0.6062
32.6200,1.4916
32.6400,4.1770
32.6600,7.6830
32.6800,9.3503
32.7000,8.6166
32.7200,8.3147
32.7400,9.2287
32.7600,8.5279
32.7800,5.3569
32.8000,2.1687
32.8200,0.5598
32.8400,0.0919
32.8600,0.0096
32.8800,0.0006
32.9000,0.0000
32.9200,0.0000
32.9400,0.0000
32.9600,0.0000
32.9800,0.0000
33.0000,0.0000
33.0200,0.0000
33.0400,0.0000
33.0600,0.0000
33.0800,0.0000
33.1000,0.0000
33.1200,0.0000
33.1400,0.0000
33.1600,0.0000
33.1800,0.0000
33.2000,0.0000
33.2200,0.0004
33.2400,0.0064
33.2600,0.0656
33.2800,0.4263
33.3000,1.7620
33.3200,4.6314
33.3400,7.7418
33.3600,8.2295
33.3800,5.5631
33.4000,2.3915
33.4200,0.6538
33.4400,0.1137
33.4600,0.0126
33.4800,0.0009
33.5000,0.0000
33.5200,0.0000
33.5400,0.0004
33.5600,0.0068
33.5800,0.0687
33.6000,0.4403
33.6200,1.7936
33.6400,4.6457
33.6600,7.6524
33.6800,8.0159
33.7000,5.3397
33.7200,2.2620
33.7400,0.6094
33.7600,0.1050
33.7800,0.0204
33.8000,0.0873
33.8200,0.5253
33.8400,2.0275
33.8600,4.9770
33.8800,7.7694
33.9000,7.7128
33.9200,4.8691
33.9400,1.9547
33.9600,0.4990
33.9800,0.0810
34.0000,0.0084
34.0200,0.0005
34.0400,0.0000
34.0600,0.0000
34.0800,0.0000
34.1000,0.0000
34.1200,0.0000
34.1400,0.0000
34.1600,0.0000
34.1800,0.0000
34.2000,0.0000
34.2200,0.0000
34.2400,0.0000
34.2600,0.0000
34.2800,0.0000
34.3000,0.0000
34.3200,0.0000
34.3400,0.0000
34.3600,0.0000
34.3800,0.0007
34.4000,0.0100
34.4200,0.0930
34.4400,0.5507
34.4600,2.0731
34.4800,4.9628
34.5000,7.5551
34.5200,7.3141
34.5400,4.5029
34.5600,1.7629
34.5800,0.4389
34.6000,0.0695
34.6200,0.0070
34.6400,0.0004
34.6600,0.0000
34.6800,0.0000
34.7000,0.0000
34.7200,0.0000
34.7400,0.0000
34.7600,0.0000
34.7800,0.0000
34.8000,0.0000
34.8200,0.0000
34.8400,0.0000
34.8600,0.0000
34.8800,0.0000
34.9000,0.0000
34.9200,0.0000
34.9400,0.0000
34.9600,0.0000
34.9800,0.0005
35.0000,0.0077
35.0200,0.0747
35.0400,0.4648
35.0600,1.8666
35.0800,4.9627
35.1000,9.2787
35.1200,13.5354
35.1400,16.6954
35.1600,16.7459
35.1800,12.3023
35.2000,6.1450
35.2200,2.0175
35.2400,0.4296
35.2600,0.0590
35.2800,0.0052
35.3000,0.0003
35.3200,0.0000
35.3400,0.0000
35.3600,0.0000
35.3800,0.0000
35.4000,0.0000
35.4200,0.0000
35.4400,0.0000
35.4600,0.0000
35.4800,0.0000
35.5000,0.0000
35.5200,0.0000
35.5400,0.0002
35.5600,0.0040
35.5800,0.0435
35.6000,0.2989
35.6200,1.3069
35.6400,3.6344
35.6600,6.4273
35.6800,7.2283
35.7000,5.1696
35.7200,2.3512
35.7400,0.6810
35.7600,0.1390
35.7800,0.1344
35.8000,0.6574
35.8200,2.2874
35.8400,5.0833
35.8600,7.2948
35.8800,7.2173
35.9000,6.3176
35.9200,6.8220
35.9400,7.4953
35.9600,6.0204
35.9800,3.1620
36.0000,1.0614
36.0200,0.2268
36.0400,0.0308
36.0600,0.0027
36.0800,0.0001
36.1000,0.0000
36.1200,0.0000
36.1400,0.0000
36.1600,0.0000
36.1800,0.0000
36.2000,0.0000
36.2200,0.0000
36.2400,0.0000
36.2600,0.0000
36.2800,0.0000
36.3000,0.0001
36.3200,0.0018
36.3400,0.0225
36.3600,0.1754
36.3800,0.8690
36.4000,2.7379
36.4200,5.4852
36.4400,6.9885
36.4600,5.6621
36.4800,2.9173
36.5000,0.9559
36.5200,0.1992
36.5400,0.0264
36.5600,0.0022
36.5800,0.0001
36.6000,0.0000
36.6200,0.0000
36.6400,0.0000
36.6600,0.0000
36.6800,0.0000
36.7000,0.0000
36.7200,0.0000
36.7400,0.0000
36.7600,0.0000
36.7800,0.0000
36.8000,0.0000
36.8200,0.0000
36.8400,0.0000
36.8600,0.0000
36.8800,0.0000
36.9000,0.0000
36.9200,0.0000
36.9400,0.0001
36.9600,0.0020
36.9800,0.0243
37.0000,0.1853
37.0200,0.8969
37.0400,2.7608
37.0600,5.4045
37.0800,6.7287
37.1000,5.3384
37.1200,2.7882
37.1400,1.4482
37.1600,2.2456
37.1800,4.6484
37.2000,6.5931
37.2200,6.1236
37.2400,4.3380
37.2600,4.1103
37.2800,6.0591
37.3000,8.1151
37.3200,8.8868
37.3400,8.6665
37.3600,7.1915
37.3800,4.4080
37.4000,1.8167
37.4200,0.4848
37.4400,0.0828
37.4600,0.0099
37.4800,0.0127
37.5000,0.1046
37.5200,0.5771
37.5400,2.0258
37.5600,4.5223
37.5800,6.4202
37.6000,5.7962
37.6200,3.3277
37.6400,1.2149
37.6600,0.2821
37.6800,0.0416
37.7000,0.0039
37.7200,0.0002
37.7400,0.0000
37.7600,0.0000
37.7800,0.0000
37.8000,0.0000
37.8200,0.0000
37.8400,0.0000
37.8600,0.0000
37.8800,0.0000
37.9000,0.0000
37.9200,0.0000
37.9400,0.0000
37.9600,0.0000
37.9800,0.0000
38.0000,0.0004
38.0200,0.0062
38.0400,0.0604
38.0600,0.3747
38.0800,1.4795
38.1000,3.7146
38.1200,5.9310
38.1400,6.0222
38.1600,3.8886
38.1800,1.5967
38.2000,0.4170
38.2200,0.0706
38.2400,0.0247
38.2600,0.1397
38.2800,0.7102
38.3000,2.3038
38.3200,4.7527
38.3400,6.2351
38.3600,5.2018
38.3800,2.7598
38.4000,0.9311
38.4200,0.1998
38.4400,0.0273
38.4600,0.0024
38.4800,0.0001
38.5000,0.0000
38.5200,0.0000
38.5400,0.0000
38.5600,0.0000
38.5800,0.0000
38.6000,0.0001
38.6200,0.0014
38.6400,0.0172
38.6600,0.1377
38.6800,0.7004
38.7000,2.2654
38.7200,4.6598
38.7400,6.0954
38.7600,5.0733
38.7800,2.7157
38.8000,1.1370
38.8200,1.2339
38.8400,2.9611
38.8600,5.2647
38.8800,6.0007
38.9000,4.3512
38.9200,2.0065
38.9400,0.5884
38.9600,0.1098
38.9800,0.0145
39.0000,0.0195
39.0200,0.1453
39.0400,0.7257
39.0600,2.3049
39.0800,4.6555
39.1000,5.9798
39.1200,4.8848
39.1400,2.5426
39.1600,0.8914
39.1800,0.5111
39.2000,1.3643
39.2200,3.4153
39.2400,5.5418
39.2600,5.8576
39.2800,4.6905
39.3000,4.9977
39.3200,8.2517
39.3400,11.4818
39.3600,10.6419
39.3800,6.3450
39.4000,2.4232
39.4200,0.5924
39.4400,0.0927
39.4600,0.0093
39.4800,0.0006
39.5000,0.0000
39.5200,0.0000
39.5400,0.0000
39.5600,0.0000
39.5800,0.0002
39.6000,0.0031
39.6200,0.0337
39.6400,0.2327
39.6600,1.0211
39.6800,2.8503
39.7000,5.0624
39.7200,5.7494
39.7400,4.3621
39.7600,2.9879
39.7800,3.5539
39.8000,5.2609
39.8200,5.6367
39.8400,3.8998
39.8600,1.7187
39.8800,0.4830
39.9000,0.1020
39.9200,0.1387
39.9400,0.6558
39.9600,2.1160
39.9800,4.3466
40.0000,5.6783
40.0200,4.7217
40.0400,2.5405
40.0600,1.1464
40.0800,1.4271
40.1000,3.2285
40.1200,5.2323
40.1400,5.4292
40.1600,3.5839
40.1800,1.5046
40.2000,0.4036
40.2200,0.0912
40.2400,0.1778
40.2600,0.8044
40.2800,2.4119
40.3000,4.6015
40.3200,5.5828
40.3400,4.3074
40.3600,2.1134
40.3800,0.6606
40.4000,0.1462
40.4200,0.1396
40.4400,0.6293
40.4600,2.0381
40.4800,4.2063
40.5000,5.5206
40.5200,4.6077
40.5400,2.4457
40.5600,0.8270
40.5800,0.1957
40.6000,0.1671
40.6200,0.7033
40.6400,2.1882
40.6600,4.3419
40.6800,5.4792
40.7000,4.3978
40.7200,2.2561
40.7400,0.8379
40.7600,0.7864
40.7800,2.4186
40.8000,5.9173
40.8200,9.5928
40.8400,10.3601
40.8600,7.9363
40.8800,5.6701
40.9000,5.6434
40.9200,6.4279
40.9400,6.6112
40.9600,6.5665
40.9800,6.0016
41.0000,4.1687
41.0200,1.9519
41.0400,0.5908
41.0600,0.1142
41.0800,0.0141
41.1000,0.0011
41.1200,0.0003
41.1400,0.0034
41.1600,0.0358
41.1800,0.2398
41.2000,1.0205
41.2200,2.7620
41.2400,4.7539
41.2600,5.2034
41.2800,3.6219
41.3000,1.6032
41.3200,0.4513
41.3400,0.0808
41.3600,0.0092
41.3800,0.0007
41.4000,0.0000
41.4200,0.0000
41.4400,0.0003
41.4600,0.0042
41.4800,0.0422
41.5000,0.2720
41.5200,1.1153
41.5400,2.9263
41.5600,5.0091
41.5800,6.0475
41.6000,6.5086
41.6200,8.3584
41.6400,11.9897
41.6600,15.5771
41.6800,16.3099
41.7000,12.6739
41.7200,6.9529
41.7400,3.0333
41.7600,2.4131
41.7800,3.9261
41.8000,5.1412
41.8200,4.3683
41.8400,2.3639
41.8600,0.8136
41.8800,0.1781
41.9000,0.0248
41.9200,0.0022
41.9400,0.0009
41.9600,0.0109
41.9800,0.0919
42.0000,0.4931
42.0200,1.6821
42.0400,3.6491
42.0600,5.0339
42.0800,4.4161
42.1000,2.4637
42.1200,0.8740
42.1400,0.1972
42.1600,0.0284
42.1800,0.0052
42.2000,0.0319
42.2200,0.2479
42.2400,1.2376
42.2600,3.9682
42.2800,8.2843
42.3000,11.6349
42.3200,11.7225
42.3400,9.1989
42.3600,5.8102
42.3800,2.8601
42.4000,1.3793
42.4200,1.7709
42.4400,3.5043
42.4600,4.9367
42.4800,4.6210
42.5000,3.4545
42.5200,3.4719
42.5400,4.6335
42.5600,4.8909
42.5800,3.3990
42.6000,1.5098
42.6200,0.4335
42.6400,0.1403
42.6600,0.3777
42.6800,1.3604
42.7000,3.1871
42.7200,4.7503
42.7400,4.5026
42.7600,2.7141
42.7800,1.0412
42.8000,0.2652
42.8200,0.1351
42.8400,0.5075
42.8600,1.6833
42.8800,3.5770
42.9000,4.8345
42.9200,4.1551
42.9400,2.2711
42.9600,0.7894
42.9800,0.1745
43.0000,0.0245
43.0200,0.0022
43.0400,0.0001
43.0600,0.0001
43.0800,0.0010
43.1000,0.0129
43.1200,0.1041
43.1400,0.5344
43.1600,1.7440
43.1800,3.6208
43.2000,4.7983
43.2200,4.1712
43.2400,2.8875
43.2600,2.9045
43.2800,4.1885
43.3000,4.7678
43.3200,3.5733
43.3400,1.8476
43.3600,1.2881
43.3800,2.6155
43.4000,5.4755
43.4200,8.0966
43.4400,8.3012
43.4600,5.8964
43.4800,2.8716
43.5000,0.9892
43.5200,0.5335
43.5400,1.3699
43.5600,3.5998
43.5800,6.5536
43.6000,8.3083
43.6200,7.4242
43.6400,4.6468
43.6600,1.9946
43.6800,0.5777
43.7000,0.1566
43.7200,0.3098
43.7400,1.1475
43.7600,2.8177
43.7800,4.4037
43.8000,4.3769
43.8200,2.7668
43.8400,1.1178
43.8600,0.3389
43.8800,0.3697
43.9000,1.2211
43.9200,2.9088
43.9400,4.4229
43.9600,4.2772
43.9800,2.6304
44.0000,1.0287
44.0200,0.2558
44.0400,0.0405
44.0600,0.0041
44.0800,0.0003
44.1000,0.0013
44.1200,0.0157
44.1400,0.1207
44.1600,0.5895
44.1800,1.8314
44.2000,3.6178
44.2200,4.5452
44.2400,3.6366
44.2600,1.8982
44.2800,0.9128
44.3000,1.3141
44.3200,2.8660
44.3400,4.3405
44.3600,4.2436
44.3800,2.8896
44.4000,2.1856
44.4200,3.0746
44.4400,4.3460
44.4600,4.1802
44.4800,2.5758
44.5000,1.0101
44.5200,0.2519
44.5400,0.0400
44.5600,0.0040
44.5800,0.0003
44.6000,0.0000
44.6200,0.0000
44.6400,0.0000
44.6600,0.0000
44.6800,0.0000
44.7000,0.0001
44.7200,0.0012
44.7400,0.0142
44.7600,0.1106
44.7800,0.5480
44.8000,1.7260
44.8200,3.4591
44.8400,4.4277
44.8600,3.7376
44.8800,2.5941
44.9000,2.7320
44.9200,3.9373
44.9400,4.3545
44.9600,3.1406
44.9800,1.4448
45.0000,0.4228
45.0200,0.0787
45.0400,0.0093
45.0600,0.0007
45.0800,0.0000
45.1000,0.0000
45.1200,0.0000
45.1400,0.0000
45.1600,0.0002
45.1800,0.0038
45.2000,0.0377
45.2200,0.2383
45.2400,0.9591
45.2600,2.4549
45.2800,4.0003
45.3000,4.1872
45.3200,3.0317
45.3400,2.2964
45.3600,3.0448
45.3800,4.1806
45.4000,3.9605
45.4200,2.4095
45.4400,0.9363
45.4600,0.2626
45.4800,0.2496
45.5000,0.8941
45.5200,2.3994
45.5400,4.3103
45.5600,5.5791
45.5800,5.8939
45.6000,5.4118
45.6200,3.9639
45.6400,2.0658
45.6600,0.8108
45.6800,0.6880
45.7000,1.6912
45.7200,3.3266
45.7400,4.2107
45.7600,3.3911
45.7800,1.7368
45.8000,0.5657
45.8200,0.1172
45.8400,0.0155
45.8600,0.0024
45.8800,0.0136
45.9000,0.1076
45.9200,0.5574
45.9400,1.9157
45.9600,4.5324
45.9800,7.7608
46.0000,10.0218
46.0200,9.7724
46.0400,6.9318
46.0600,3.4183
46.0800,1.1337
46.1000,0.2479
46.1200,0.0353
46.1400,0.0033
46.1600,0.0002
46.1800,0.0000
46.2000,0.0000
46.2200,0.0000
46.2400,0.0000
46.2600,0.0000
46.2800,0.0000
46.3000,0.0000
46.3200,0.0000
46.3400,0.0000
46.3600,0.0000
46.3800,0.0000
46.4000,0.0000
46.4200,0.0000
46.4400,0.0000
46.4600,0.0000
46.4800,0.0000
46.5000,0.0000
46.5200,0.0009
46.5400,0.0111
46.5600,0.0895
46.5800,0.4569
46.6000,1.4831
46.6200,3.0618
46.6400,4.0197
46.6600,3.3559
46.6800,1.7817
46.7000,0.6016
46.7200,0.1292
46.7400,0.0178
46.7600,0.0036
46.7800,0.0231
46.8000,0.1684
46.8200,0.8004
46.8400,2.5006
46.8600,5.1960
46.8800,7.2558
46.9000,6.8495
46.9200,4.3674
46.9400,1.8778
46.9600,0.6244
46.9800,0.5783
47.0000,1.5436
47.0200,3.1506
47.0400,4.3442
47.0600,4.5583
47.0800,4.5404
47.1000,4.4967
47.1200,3.7452
47.1400,2.9348
47.1600,3.8447
47.1800,7.0512
47.2000,11.0143
47.2200,13.0246
47.2400,11.3720
47.2600,7.1750
47.2800,3.1988
47.3000,0.9853
47.3200,0.2058
47.3400,0.0363
47.3600,0.0704
47.3800,0.3668
47.4000,1.2605
47.4200,2.7556
47.4400,3.8309
47.4600,3.3869
47.4800,1.9042
47.5000,0.6808
47.5200,0.1548
47.5400,0.0224
47.5600,0.0021
47.5800,0.0001
47.6000,0.0000
47.6200,0.0000
47.6400,0.0000
47.6600,0.0000
47.6800,0.0000
47.7000,0.0003
47.7200,0.0049
47.7400,0.0469
47.7600,0.2876
47.7800,1.1529
47.8000,3.0669
47.8200,5.5269
47.8400,6.9017
47.8600,6.1773
47.8800,4.4895
47.9000,3.7481
47.9200,3.9850
47.9400,3.6341
47.9600,2.2565
47.9800,0.9026
48.0000,0.2301
48.0200,0.0373
48.0400,0.0039
48.0600,0.0011
48.0800,0.0110
48.1000,0.0871
48.1200,0.4396
48.1400,1.4111
48.1600,2.8841
48.1800,3.7833
48.2000,3.3875
48.2200,2.9139
48.2400,4.1123
48.2600,6.4666
48.2800,7.2979
48.3000,5.3849
48.3200,2.5654
48.3400,0.7875
48.3600,0.1556
48.3800,0.0198
48.4000,0.0016
48.4200,0.0001
48.4400,0.0000
48.4600,0.0000
48.4800,0.0002
48.5000,0.0036
48.5200,0.0350
48.5400,0.2176
48.5600,0.8613
48.5800,2.1850
48.6000,3.6341
48.6200,4.2834
48.6400,4.3028
48.6600,4.2966
48.6800,3.7696
48.7000,2.3881
48.7200,0.9979
48.7400,0.2677
48.7600,0.0458
48.7800,0.0050
48.8000,0.0003
48.8200,0.0001
48.8400,0.0021
48.8600,0.0221
48.8800,0.1507
48.9000,0.6551
48.9200,1.8107
48.9400,3.1827
48.9600,3.5576
48.9800,2.5288
49.0000,1.1431
49.0200,0.3286
49.0400,0.0601
49.0600,0.0070
49.0800,0.0005
49.1000,0.0000
49.1200,0.0000
49.1400,0.0000
49.1600,0.0000
49.1800,0.0000
49.2000,0.0000
49.2200,0.0000
49.2400,0.0000
49.2600,0.0000
49.2800,0.0000
49.3000,0.0000
49.3200,0.0000
49.3400,0.0000
49.3600,0.0000
49.3800,0.0000
49.4000,0.0000
49.4200,0.0003
49.4400,0.0039
49.4600,0.0375
49.4800,0.2272
49.5000,0.8752
49.5200,2.1471
49.5400,3.3824
49.5600,3.5743
49.5800,3.0720
49.6000,3.1360
49.6200,3.6108
49.6400,3.2245
49.6600,1.9171
49.6800,0.8048
49.7000,0.5882
49.7200,1.3495
49.7400,2.6916
49.7600,3.4830
49.7800,2.9236
49.8000,1.8490
49.8200,1.6891
49.8400,2.6450
49.8600,3.4537
49.8800,2.9640
49.9000,1.6342
49.9200,0.6582
49.9400,0.5789
49.9600,1.4197
49.9800,2.7570
50.0000,3.4561
50.0200,2.8462
50.0400,1.9031
50.0600,1.9793
50.0800,2.9621
50.1000,3.4264
50.1200,2.5832
50.1400,1.2419
50.1600,0.3816
50.1800,0.0938
50.2000,0.1472
50.2200,0.6104
50.2400,1.7387
50.2600,3.2961
50.2800,4.4540
50.3000,4.8104
50.3200,4.4456
50.3400,3.2839
50.3600,1.7341
50.3800,0.6598
50.4000,0.4860
50.4200,1.4477
50.4400,3.7984
50.4600,6.7713
50.4800,8.7373
50.5000,9.2257
50.5200,8.5176
50.5400,6.3405
50.5600,3.3764
50.5800,1.2040
50.6000,0.3071
50.6200,0.2268
50.6400,0.7510
50.6600,1.9272
50.6800,3.2476
50.7000,3.8455
50.7200,3.8479
50.7400,3.9026
50.7600,3.7197
50.7800,3.1682
50.8000,3.0869
50.8200,3.4582
50.8400,3.1285
50.8600,1.9019
50.8800,0.7431
50.9000,0.1850
50.9200,0.0293
50.9400,0.0030
50.9600,0.0002
50.9800,0.0000
51.0000,0.0000
51.0200,0.0000
51.0400,0.0004
51.0600,0.0059
51.0800,0.0512
51.1000,0.2838
51.1200,1.0013
51.1400,2.2466
51.1600,3.2072
51.1800,2.9303
51.2000,1.8266
51.2200,1.2499
51.2400,1.8858
51.2600,3.1874
51.2800,4.1011
51.3000,4.3397
51.3200,4.1218
51.3400,3.2316
51.3600,1.8527
51.3800,0.9470
51.4000,1.3325
51.4200,3.2415
51.4400,5.6482
51.4600,6.3292
51.4800,4.5316
51.5000,2.0724
51.5200,0.6056
51.5400,0.1180
51.5600,0.0633
51.5800,0.3184
51.6000,1.3116
51.6200,3.5609
51.6400,6.4808
51.6600,8.1640
51.6800,7.3965
51.7000,4.9396
51.7200,2.4097
51.7400,0.8283
51.7600,0.1946
51.7800,0.0498
51.8000,0.1450
51.8200,0.6488
51.8400,1.9546
51.8600,3.9643
51.8800,5.5254
51.9000,5.3639
51.9200,3.6223
51.9400,1.6767
51.9600,0.5313
51.9800,0.1921
52.0000,0.4303
52.0200,1.2847
52.0400,2.5169
52.0600,3.1409
52.0800,2.5158
52.1000,1.4273
52.1200,1.0970
52.1400,1.8627
52.1600,2.9303
52.1800,3.1541
52.2000,2.6145
52.2200,2.5146
52.2400,3.0530
52.2600,3.0616
52.2800,2.0573
52.3000,0.8868
52.3200,0.2435
52.3400,0.0437
52.3600,0.0184
52.3800,0.1000
52.4000,0.4632
52.4200,1.3691
52.4400,2.5737
52.4600,3.0765
52.4800,2.3387
52.5000,1.1306
52.5200,0.3476
52.5400,0.0680
52.5600,0.0084
52.5800,0.0007
52.6000,0.0000
52.6200,0.0000
52.6400,0.0000
52.6600,0.0009
52.6800,0.0118
52.7000,0.1005
52.7200,0.5473
52.7400,1.9021
52.7600,4.2282
52.7800,6.0700
52.8000,5.9119
52.8200,4.7891
52.8400,4.7410
52.8600,5.5578
52.8800,5.6406
52.9000,4.7782
52.9200,4.0372
52.9400,3.5757
52.9600,2.6503
52.9800,1.3691
53.0000,0.4612
53.0200,0.0995
53.0400,0.0137
53.0600,0.0012
53.0800,0.0001
53.1000,0.0003
53.1200,0.0046
53.1400,0.0410
53.1600,0.2350
53.1800,0.8623
53.2000,2.0579
53.2200,3.3756
53.2400,4.4073
53.2600,5.5857
53.2800,6.9811
53.3000,7.8198
53.3200,7.9442
53.3400,7.2364
53.3600,5.1937
53.3800,2.6065
53.4000,0.8990
53.4200,0.4125
53.4400,0.8623
53.4600,1.9448
53.4800,2.8661
53.5000,2.6888
53.5200,1.6042
53.5400,0.6086
53.5600,0.1468
53.5800,0.0225
53.6000,0.0022
53.6200,0.0001
53.6400,0.0000
53.6600,0.0000
53.6800,0.0008
53.7000,0.0098
53.7200,0.0760
53.7400,0.3727
53.7600,1.1630
53.7800,2.3076
53.8000,2.9117
53.8200,2.3365
53.8400,1.1923
53.8600,0.3869
53.8800,0.0800
53.9000,0.0130
53.9200,0.0293
53.9400,0.2032
53.9600,0.9225
53.9800,2.6657
54.0000,4.9021
54.0200,5.7364
54.0400,4.2715
54.0600,2.0240
54.0800,0.6103
54.1000,0.1171
54.1200,0.0143
54.1400,0.0011
54.1600,0.0007
54.1800,0.0076
54.2000,0.0613
54.2200,0.3156
54.2400,1.0328
54.2600,2.1493
54.2800,2.8442
54.3000,2.3935
54.3200,1.2809
54.3400,0.4359
54.3600,0.0943
54.3800,0.0130
54.4000,0.0011
54.4200,0.0001
54.4400,0.0007
54.4600,0.0084
54.4800,0.0665
54.5000,0.3344
54.5200,1.0702
54.5400,2.1794
54.5600,2.8398
54.5800,2.4708
54.6000,1.8861
54.6200,2.3636
54.6400,3.9226
54.6600,5.1847
54.6800,5.0485
54.7000,4.1100
54.7200,3.5305
54.7400,3.1427
54.7600,2.2250
54.7800,1.0697
54.8000,0.3325
54.8200,0.0660
54.8400,0.0084
54.8600,0.0011
54.8800,0.0062
54.9000,0.0611
54.9200,0.3926
54.9400,1.6558
54.9600,4.6124
54.9800,8.5422
55.0000,10.6159
55.0200,9.1386
55.0400,6.2671
55.0600,4.9010
55.0800,4.9832
55.1000,4.7370
55.1200,3.4154
55.1400,1.7386
55.1600,0.6009
55.1800,0.1372
55.2000,0.0203
55.2200,0.0019
55.2400,0.0001
55.2600,0.0000
55.2800,0.0005
55.3000,0.0067
55.3200,0.0553
55.3400,0.2907
55.3600,0.9836
55.3800,2.1886
55.4000,3.3724
55.4200,3.9505
55.4400,3.8271
55.4600,3.0015
55.4800,1.7262
55.5000,0.6721
55.5200,0.1706
55.5400,0.0303
55.5600,0.0280
55.5800,0.1569
55.6000,0.6222
55.6200,1.5705
55.6400,2.5208
55.6600,2.5738
55.6800,1.6790
55.7000,0.7573
55.7200,0.5168
55.7400,1.0908
55.7600,2.1626
55.7800,2.9528
55.8000,3.1021
55.8200,3.2317
55.8400,3.6846
55.8600,4.0103
55.8800,3.8191
55.9000,2.9582
55.9200,1.6849
55.9400,0.6930
55.9600,0.4143
55.9800,0.8939
56.0000,1.9158
56.0200,2.7707
56.0400,2.9048
56.0600,2.8061
56.0800,2.9186
56.1000,2.6512
56.1200,1.6949
56.1400,0.7062
56.1600,0.1881
56.1800,0.0319
56.2000,0.0034
56.2200,0.0002
56.2400,0.0000
56.2600,0.0001
56.2800,0.0023
56.3000,0.0255
56.3200,0.1810
56.3400,0.8213
56.3600,2.3791
56.3800,4.4000
56.4000,5.2099
56.4200,4.0427
56.4400,2.4666
56.4600,2.2888
56.4800,3.4839
56.5000,4.5918
56.5200,4.3523
56.5400,2.9345
56.5600,1.6100
56.5800,1.3786
56.6000,2.0794
56.6200,2.6000
56.6400,2.1332
56.6600,1.1165
56.6800,0.3718
56.7000,0.0787
56.7200,0.0106
56.7400,0.0009
56.7600,0.0001
56.7800,0.0013
56.8000,0.0146
56.8200,0.1012
56.8400,0.4466
56.8600,1.2530
56.8800,2.2355
56.9000,2.5362
56.9200,1.8301
56.9400,0.8428
56.9600,0.2750
56.9800,0.2232
57.0000,0.6750
57.0200,1.6047
57.0400,2.4444
57.0600,2.3684
57.0800,1.4593
57.1000,0.5721
57.1200,0.1468
57.1400,0.0630
57.1600,0.2453
57.1800,0.9539
57.2000,2.4722
57.2200,4.3151
57.2400,5.2891
57.2600,4.9948
57.2800,4.1309
57.3000,3.0694
57.3200,1.8669
57.3400,1.0952
57.3600,1.2862
57.3800,2.1082
57.4000,2.5164
57.4200,1.9549
57.4400,1.0866
57.4600,0.8583
57.4800,1.4964
57.5000,2.3516
57.5200,2.5105
57.5400,2.0492
57.5600,1.9663
57.5800,2.5336
57.6000,3.0189
57.6200,3.1695
57.6400,3.3998
57.6600,3.7308
57.6800,3.9967
57.7000,4.2160
57.7200,4.2943
57.7400,4.1395
57.7600,3.8499
57.7800,3.4538
57.8000,2.7665
57.8200,2.1664
57.8400,2.6398
57.8600,4.1375
57.8800,5.0253
57.9000,4.3434
57.9200,3.2629
57.9400,2.8602
57.9600,2.5245
57.9800,1.6505
58.0000,0.7148
58.0200,0.2398
58.0400,0.2748
58.0600,0.8442
58.0800,1.9376
58.1000,3.0944
58.1200,3.7057
58.1400,3.5565
58.1600,2.7535
58.1800,1.9333
58.2000,2.1684
58.2200,3.6429
58.2400,4.8499
58.2600,4.3276
58.2800,2.8559
58.3000,2.1791
58.3200,2.4172
58.3400,2.3675
58.3600,1.5646
58.3800,0.6631
58.4000,0.1789
58.4200,0.0307
58.4400,0.0034
58.4600,0.0002
58.4800,0.0000
58.5000,0.0002
58.5200,0.0026
58.5400,0.0255
58.5600,0.1572
58.5800,0.6300
58.6000,1.6820
58.6200,3.1695
58.6400,4.6895
58.6600,6.1779
58.6800,7.5253
58.7000,7.8726
58.7200,6.5387
58.7400,4.3576
58.7600,2.9302
58.7800,2.6413
58.8000,2.4338
58.8200,1.6355
58.8400,0.7484
58.8600,0.3884
58.8800,0.7174
58.9000,1.5777
58.9200,2.3269
58.9400,2.3147
58.9600,2.0996
58.9800,3.1276
59.0000,5.5710
59.0200,7.3514
59.0400,6.7851
59.0600,4.9611
59.0800,3.4112
59.1000,2.1411
59.1200,1.0370
59.1400,0.4517
59.1600,0.5771
59.1800,1.3261
59.2000,2.1752
59.2200,2.3452
59.2400,1.8875
59.2600,1.7388
59.2800,2.1774
59.3000,2.3482
59.3200,1.7072
59.3400,0.7965
59.3600,0.2366
59.3800,0.0449
59.4000,0.0089
59.4200,0.0348
59.4400,0.2171
59.4600,0.8864
59.4800,2.3429
59.5000,4.0155
59.5200,4.4668
59.5400,3.2257
59.5600,1.5114
59.5800,0.4604
59.6000,0.1065
59.6200,0.1210
59.6400,0.4693
59.6600,1.3052
59.6800,2.4569
59.7000,3.3468
59.7200,3.6292
59.7400,3.4261
59.7600,3.1066
59.7800,2.9039
59.8000,2.4678
59.8200,1.5618
59.8400,0.6618
59.8600,0.1812
59.8800,0.0346
59.9000,0.0313
59.9200,0.1634
59.9400,0.6097
59.9600,1.4497
59.9800,2.1992
60.0000,2.1754
60.0200,1.6443
60.0400,1.6974
60.0600,2.7885
60.0800,4.0089
60.1000,4.0494
60.1200,2.7838
60.1400,1.2886
60.1600,0.3968
60.1800,0.0803
60.2000,0.0107
60.2200,0.0029
60.2400,0.0205
60.2600,0.1329
60.2800,0.5609
60.3000,1.5685
60.3200,2.9857
60.3400,4.0224
60.3600,4.0938
60.3800,3.5783
60.4000,3.1012
60.4200,2.5252
60.4400,1.5910
60.4600,0.7106
60.4800,0.3711
60.5000,0.7332
60.5200,1.7912
60.5400,3.1293
60.5600,3.8867
60.5800,3.5735
60.6000,2.7914
60.6200,2.7669
60.6400,3.7601
60.6600,4.4394
60.6800,3.8047
60.7000,2.7503
60.7200,2.4204
60.7400,2.4863
60.7600,2.3782
60.7800,2.6445
60.8000,3.6569
60.8200,4.3161
60.8400,3.5405
60.8600,1.9248
60.8800,0.6927
60.9000,0.2158
60.9200,0.3044
60.9400,0.8969
60.9600,1.8800
60.9800,2.7552
61.0000,3.1255
61.0200,2.9985
61.0400,2.3645
61.0600,1.4721
61.0800,1.0426
61.1000,1.4384
61.1200,2.0824
61.1400,2.0654
61.1600,1.3172
61.1800,0.5686
61.2000,0.3400
61.2200,0.7237
61.2400,1.5404
61.2600,2.1455
61.2800,1.9066
61.3000,1.1092
61.3200,0.5828
61.3400,0.7754
61.3600,1.5311
61.3800,2.1333
61.4000,1.9040
61.4200,1.0812
61.4400,0.3904
61.4600,0.0897
61.4800,0.0131
61.5000,0.0012
61.5200,0.0001
61.5400,0.0001
61.5600,0.0009
61.5800,0.0105
61.6000,0.0774
61.6200,0.3696
61.6400,1.1625
61.6600,2.4606
61.6800,3.5934
61.7000,3.6895
61.7200,2.6676
61.7400,1.3359
61.7600,0.4563
61.7800,0.1396
61.8000,0.2220
61.8200,0.7076
61.8400,1.5337
61.8600,2.1468
61.8800,2.0678
61.9000,1.8110
61.9200,2.1976
61.9400,3.1012
61.9600,3.8124
61.9800,4.0238
62.0000,3.7806
62.0200,3.0607
62.0400,1.9938
62.0600,1.1998
62.0800,1.2989
62.1000,2.2419
62.1200,3.4756
62.1400,4.5258
62.1600,4.8583
62.1800,3.9898
62.2000,2.5906
62.2200,1.9491
62.2400,2.1559
62.2600,2.3182
62.2800,2.3255
62.3000,2.9025
62.3200,3.8505
62.3400,3.9271
62.3600,2.8358
62.3800,1.8498
62.4000,2.1795
62.4200,3.5115
62.4400,4.2861
62.4600,3.7531
62.4800,3.0008
62.5000,3.0782
62.5200,3.8215
62.5400,4.6216
62.5600,4.6176
62.5800,3.3266
62.6000,1.6009
62.6200,0.5031
62.6400,0.1381
62.6600,0.2185
62.6800,0.6970
62.7000,1.4960
62.7200,2.0449
62.7400,1.7776
62.7600,0.9827
62.7800,0.3455
62.8000,0.0772
62.8200,0.0110
62.8400,0.0011
62.8600,0.0019
62.8800,0.0186
62.9000,0.1167
62.9200,0.4657
62.9400,1.1813
62.9600,1.9059
62.9800,1.9576
63.0000,1.3003
63.0200,0.6867
63.0400,0.7892
63.0600,1.7862
63.0800,3.1810
63.1000,3.8345
63.1200,3.1026
63.1400,1.6792
63.1600,0.6035
63.1800,0.1427
63.2000,0.0220
63.2200,0.0027
63.2400,0.0063
63.2600,0.0486
63.2800,0.2431
63.3000,0.7738
63.3200,1.5666
63.3400,2.0189
63.3600,1.6735
63.3800,0.9958
63.4000,0.8027
63.4200,1.3112
63.4400,1.9309
63.4600,1.8921
63.4800,1.2641
63.5000,0.8711
63.5200,1.2009
63.5400,1.8414
63.5600,1.9490
63.5800,1.3227
63.6000,0.5719
63.6200,0.1646
63.6400,0.0882
63.6600,0.3186
63.6800,1.0931
63.7000,2.5889
63.7200,4.3158
63.7400,5.1688
63.7600,4.4541
63.7800,2.7136
63.8000,1.1392
63.8200,0.3270
63.8400,0.1045
63.8600,0.2343
63.8800,0.7360
63.9000,1.5247
63.9200,2.0731
63.9400,2.0531
63.9600,1.9675
63.9800,2.2320
64.0000,2.5033
64.0200,2.5557
64.0400,2.4527
64.0600,1.9767
64.0800,1.1458
64.1000,0.4619
64.1200,0.2712
64.1400,0.7316
64.1600,2.0282
64.1800,3.7933
64.2000,4.8653
64.2200,4.5436
64.2400,3.3519
64.2600,2.2904
64.2800,1.9783
64.3000,2.0834
64.3200,1.7946
64.3400,1.0415
64.3600,0.3888
64.3800,0.0939
64.4000,0.0289
64.4200,0.0986
64.4400,0.4022
64.4600,1.0580
64.4800,1.7701
64.5000,1.8833
64.5200,1.2758
64.5400,0.5643
64.5600,0.2535
64.5800,0.4521
64.6000,1.1411
64.6200,2.0468
64.6400,2.6719
64.6600,2.8052
64.6800,2.4513
64.7000,1.6490
64.7200,0.7745
64.7400,0.2401
64.7600,0.0480
64.7800,0.0064
64.8000,0.0038
64.8200,0.0288
64.8400,0.1613
64.8600,0.5744
64.8800,1.3009
64.9000,1.8742
64.9200,1.7235
64.9400,1.0556
64.9600,0.6374
64.9800,0.8959
65.0000,1.5696
65.0200,1.9065
65.0400,1.4831
65.0600,0.7341
65.0800,0.2317
65.1000,0.0534
65.1200,0.0613
65.1400,0.2809
65.1600,0.9330
65.1800,2.0782
65.2000,3.1645
65.2200,3.3472
65.2400,2.4717
65.2600,1.3048
65.2800,0.6958
65.3000,0.9074
65.3200,1.5647
65.3400,1.8859
65.3600,1.4591
65.3800,0.7400
65.4000,0.3643
65.4200,0.5632
65.4400,1.2231
65.4600,1.8182
65.4800,1.7353
65.5000,1.1211
65.5200,0.7773
65.5400,1.2645
65.5600,2.4235
65.5800,3.3808
65.6000,3.3228
65.6200,2.5973
65.6400,2.4177
65.6600,3.2756
65.6800,4.3158
65.7000,4.4769
65.7200,3.5730
65.7400,2.2167
65.7600,1.3258
65.7800,1.5629
65.8000,2.7227
65.8200,3.5984
65.8400,3.1456
65.8600,1.7917
65.8800,0.6631
65.9000,0.1594
65.9200,0.0287
65.9400,0.0359
65.9600,0.1793
65.9800,0.6109
66.0000,1.3246
66.0200,1.8265
66.0400,1.6016
66.0600,0.8933
66.0800,0.3185
66.1000,0.0891
66.1200,0.1199
66.1400,0.4327
66.1600,1.0815
66.1800,1.7226
66.2000,1.7448
66.2200,1.1241
66.2400,0.4630
66.2600,0.1436
66.2800,0.1570
66.3000,0.5077
66.3200,1.1852
66.3400,1.7664
66.3600,1.6744
66.3800,1.0093
66.4000,0.3872
66.4200,0.0975
66.4400,0.0428
66.4600,0.1585
66.4800,0.5590
66.5000,1.2848
66.5200,1.9821
66.5400,2.2767
66.5600,2.3027
66.5800,2.1507
66.6000,1.5993
66.6200,0.8240
66.6400,0.2772
66.6600,0.0598
66.6800,0.0082
66.7000,0.0007
66.7200,0.0000
66.7400,0.0000
66.7600,0.0000
66.7800,0.0000
66.8000,0.0000
66.8200,0.0000
66.8400,0.0000
66.8600,0.0004
66.8800,0.0051
66.9000,0.0407
66.9200,0.2065
66.9400,0.6665
66.9600,1.3682
66.9800,1.7861
67.0000,1.4827
67.0200,0.7828
67.0400,0.2628
67.0600,0.0561
67.0800,0.0076
67.1000,0.0007
67.1200,0.0007
67.1400,0.0074
67.1600,0.0550
67.1800,0.2583
67.2000,0.7722
67.2200,1.4707
67.2400,1.8062
67.2600,1.5415
67.2800,1.2698
67.3000,1.4992
67.3200,1.7988
67.3400,1.5315
67.3600,0.8865
67.3800,0.5344
67.4000,0.8097
67.4200,1.4994
67.4400,2.0651
67.4600,2.3809
67.4800,3.0032
67.5000,4.1655
67.5200,5.2748
67.5400,5.7333
67.5600,5.4711
67.5800,4.5187
67.6000,3.1684
67.6200,2.2708
67.6400,2.1395
67.6600,2.3057
67.6800,2.7171
67.7000,3.4189
67.7200,3.5512
67.7400,2.5442
67.7600,1.1870
67.7800,0.3556
67.8000,0.0682
67.8200,0.0084
67.8400,0.0008
67.8600,0.0017
67.8800,0.0160
67.9000,0.1002
67.9200,0.3984
67.9400,1.0084
67.9600,1.6308
67.9800,1.7290
68.0000,1.3949
68.0200,1.3594
68.0400,1.9157
68.0600,2.6997
68.0800,3.4646
68.1000,4.0507
68.1200,4.1511
68.1400,3.9672
68.1600,3.8339
68.1800,3.3883
68.2000,2.4824
68.2200,1.8211
68.2400,1.7861
68.2600,1.7718
68.2800,1.2678
68.3000,0.5911
68.3200,0.1761
68.3400,0.0334
68.3600,0.0052
68.3800,0.0121
68.4000,0.0787
68.4200,0.3333
68.4400,0.8976
68.4600,1.5432
68.4800,1.7289
68.5000,1.4293
68.5200,1.3531
68.5400,1.9078
68.5600,2.6568
68.5800,3.0692
68.6000,3.3466
68.6200,4.3412
68.6400,6.2874
68.6600,7.7530
68.6800,7.3399
68.7000,5.8230
68.7200,4.7155
68.7400,3.9644
68.7600,2.7856
68.7800,1.3946
68.8000,0.4978
68.8200,0.2807
68.8400,0.6097
68.8600,1.2554
68.8800,1.6799
68.9000,1.4308
68.9200,0.7750
68.9400,0.2670
68.9600,0.0585
68.9800,0.0081
69.0000,0.0007
69.0200,0.0000
69.0400,0.0000
69.0600,0.0000
69.0800,0.0000
69.1000,0.0004
69.1200,0.0045
69.1400,0.0361
69.1600,0.1854
69.1800,0.6061
69.2000,1.2601
69.2200,1.6658
69.2400,1.4008
69.2600,0.7531
69.2800,0.2904
69.3000,0.2449
69.3200,0.6662
69.3400,1.5435
69.3600,2.5855
69.3800,3.3789
69.4000,3.7600
69.4200,3.7509
69.4400,3.3907
69.4600,2.6858
69.4800,1.7414
69.5000,1.0071
69.5200,1.0193
69.5400,1.8323
69.5600,2.7868
69.5800,2.9788
69.6000,2.2232
69.6200,1.2845
69.6400,0.9815
69.6600,1.3421
69.6800,1.6574
69.7000,1.3671
69.7200,0.7212
69.7400,0.2421
69.7600,0.0517
69.7800,0.0070
69.8000,0.0006
69.8200,0.0000
69.8400,0.0003
69.8600,0.0044
69.8800,0.0395
69.9000,0.2297
69.9200,0.8544
69.9400,2.0376
69.9600,3.1369
69.9800,3.2494
70.0000,2.7920
70.0200,3.1373
70.0400,4.3106
70.0600,4.7255
70.0800,3.6458
70.1000,2.2546
70.1200,1.7217
70.1400,1.7378
70.1600,1.4973
70.1800,1.0685
70.2000,1.0785
70.2200,1.6381
70.2400,2.2796
70.2600,2.7413
70.2800,3.0636
70.3000,3.0186
70.3200,2.3401
70.3400,1.3152
70.3600,0.5194
70.3800,0.2059
70.4000,0.3422
70.4200,0.8903
70.4400,1.6662
70.4600,2.3432
70.4800,2.8878
70.5000,3.2890
70.5200,3.0783
70.5400,2.0938
70.5600,0.9746
70.5800,0.3048
70.6000,0.0847
70.6200,0.1421
70.6400,0.5065
70.6600,1.2714
70.6800,2.2073
70.7000,2.8081
70.7200,2.9212
70.7400,3.1508
70.7600,4.2438
70.7800,5.7116
70.8000,5.8817
70.8200,4.1675
70.8400,1.9601
70.8600,0.6029
70.8800,0.1283
70.9000,0.0843
70.9200,0.3589
70.9400,1.1948
70.9600,2.6067
70.9800,3.8259
71.0000,3.9837
71.0200,3.2171
71.0400,2.3747
71.0600,1.9934
71.0800,1.7995
71.1000,1.3098
71.1200,0.6539
71.1400,0.2422
71.1600,0.2390
71.1800,0.7526
71.2000,1.8365
71.2200,2.9220
71.2400,3.0696
71.2600,2.3454
71.2800,1.7861
71.3000,1.7265
71.3200,1.5768
71.3400,1.1858
71.3600,1.0872
71.3800,1.4177
71.4000,1.5848
71.4200,1.2163
71.4400,0.7530
71.4600,0.8206
71.4800,1.5320
71.5000,2.4005
71.5200,2.7548
71.5400,2.4076
71.5600,1.8802
71.5800,1.7181
71.6000,1.6947
71.6200,1.3042
71.6400,0.6717
71.6600,0.2252
71.6800,0.0722
71.7000,0.1492
71.7200,0.5264
71.7400,1.2891
71.7600,2.1791
71.7800,2.6416
71.8000,2.3459
71.8200,1.5055
71.8400,0.6727
71.8600,0.2028
71.8800,0.0516
71.9000,0.0849
71.9200,0.3420
71.9400,0.9733
71.9600,1.9550
71.9800,3.0428
72.0000,4.0976
72.0200,5.2015
72.0400,6.3947
72.0600,7.0666
72.0800,6.3373
72.1000,4.8639
72.1200,4.2453
72.1400,4.5816
72.1600,4.8067
72.1800,4.2516
72.2000,2.9314
72.2200,1.5556
72.2400,1.0095
72.2600,1.5260
72.2800,2.4960
72.3000,2.8872
72.3200,2.2480
72.3400,1.1883
72.3600,0.5291
72.3800,0.5587
72.4000,1.1379
72.4200,1.8599
72.4400,2.2874
72.4600,2.2771
72.4800,1.9492
72.5000,1.7608
72.5200,2.2315
72.5400,2.9692
72.5600,2.9662
72.5800,2.2398
72.6000,1.7819
72.6200,1.9215
72.6400,2.1631
72.6600,2.1679
72.6800,1.8427
72.7000,1.2506
72.7200,0.8356
72.7400,0.9813
72.7600,1.4135
72.7800,1.4820
72.8000,1.0682
72.8200,0.7503
72.8400,0.9616
72.8600,1.4116
72.8800,1.4572
72.9000,0.9676
72.9200,0.4091
72.9400,0.1100
72.9600,0.0188
72.9800,0.0020
73.0000,0.0001
73.0200,0.0000
73.0400,0.0000
73.0600,0.0008
73.0800,0.0085
73.1000,0.0592
73.1200,0.2609
73.1400,0.7318
73.1600,1.3054
73.1800,1.4807
73.2000,1.0680
73.2200,0.4900
73.2400,0.1439
73.2600,0.0371
73.2800,0.0787
73.3000,0.3501
73.3200,1.0645
73.3400,2.1642
73.3600,3.0617
73.3800,3.3557
73.4000,3.4181
73.4200,3.4103
73.4400,2.8128
73.4600,1.6566
73.4800,0.7353
73.5000,0.5414
73.5200,0.9480
73.5400,1.4195
73.5600,1.3846
73.5800,0.8603
73.6000,0.3399
73.6200,0.0854
73.6400,0.0137
73.6600,0.0014
73.6800,0.0003
73.7000,0.0025
73.7200,0.0222
73.7400,0.1248
73.7600,0.4480
73.7800,1.0428
73.8000,1.6431
73.8200,1.9650
73.8400,2.1617
73.8600,2.4464
73.8800,2.7359
73.9000,2.8787
73.9200,2.7035
73.9400,2.1406
73.9600,1.5597
73.9800,1.5284
74.0000,2.0444
74.0200,2.4750
74.0400,2.2982
74.0600,1.5639
74.0800,0.7478
74.1000,0.2437
74.1200,0.0734
74.1400,0.1318
74.1600,0.4431
74.1800,0.9976
74.2000,1.4314
74.2200,1.3189
74.2400,0.8534
74.2600,0.6831
74.2800,1.1748
74.3000,2.0655
74.3200,2.6219
74.3400,2.3213
74.3600,1.4262
74.3800,0.6352
74.4000,0.3782
74.4200,0.7095
74.4400,1.4539
74.4600,2.1751
74.4800,2.4007
74.5000,1.9872
74.5200,1.2345
74.5400,0.7104
74.5600,0.7786
74.5800,1.2311
74.6000,1.4460
74.6200,1.1171
74.6400,0.6557
74.6600,0.6097
74.6800,1.0301
74.7000,1.4204
74.7200,1.2783
74.7400,0.7333
74.7600,0.2675
74.7800,0.0623
74.8000,0.0127
74.8200,0.0315
74.8400,0.1716
74.8600,0.6280
74.8800,1.5183
74.9000,2.4476
74.9200,2.6484
74.9400,1.9354
74.9600,1.0154
74.9800,0.6563
75.0000,1.1224
75.0200,2.2532
75.0400,3.5717
75.0600,4.4166
75.0800,4.2687
75.1000,3.2738
75.1200,2.2733
75.1400,1.8197
75.1600,1.5608
75.1800,1.1049
75.2000,0.7536
75.2200,0.8994
75.2400,1.3155
75.2600,1.3952
75.2800,1.0081
75.3000,0.7203
75.3200,1.0952
75.3400,2.0438
75.3600,2.7272
75.3800,2.3997
75.4000,1.3814
75.4200,0.5189
75.4400,0.1272
75.4600,0.0244
75.4800,0.0357
75.5000,0.1688
75.5200,0.5383
75.5400,1.0924
75.5600,1.4099
75.5800,1.1577
75.6000,0.6112
75.6200,0.2522
75.6400,0.2751
75.6600,0.6709
75.6800,1.2090
75.7000,1.3962
75.7200,1.0258
75.7400,0.4793
75.7600,0.1424
75.7800,0.0269
75.8000,0.0034
75.8200,0.0023
75.8400,0.0184
75.8600,0.1062
75.8800,0.3903
75.9000,0.9123
75.9200,1.3604
75.9400,1.3200
75.9600,0.9591
75.9800,0.8738
76.0000,1.1994
76.0200,1.4068
76.0400,1.0994
76.0600,0.5498
76.0800,0.1762
76.1000,0.0488
76.1200,0.0974
76.1400,0.4165
76.1600,1.2062
76.1800,2.2765
76.2000,2.8690
76.2200,2.6618
76.2400,2.3933
76.2600,2.7294
76.2800,3.4463
76.3000,3.9310
76.3200,3.7219
76.3400,2.7948
76.3600,1.5927
76.3800,0.6553
76.4000,0.1858
76.4200,0.0351
76.4400,0.0045
76.4600,0.0023
76.4800,0.0177
76.5000,0.1029
76.5200,0.3799
76.5400,0.8923
76.5600,1.3328
76.5800,1.2668
76.6000,0.7748
76.6200,0.3691
76.6400,0.4311
76.6600,1.1105
76.6800,2.1663
76.7000,2.7790
76.7200,2.4749
76.7400,1.9633
76.7600,2.0366
76.7800,2.4071
76.8000,2.3445
76.8200,1.7465
76.8400,1.2036
76.8600,1.1849
76.8800,1.3942
76.9000,1.2430
76.9200,0.7264
76.9400,0.2712
76.9600,0.0644
76.9800,0.0097
77.0000,0.0009
77.0200,0.0001
77.0400,0.0010
77.0600,0.0105
77.0800,0.0705
77.1000,0.3066
77.1200,0.8813
77.1400,1.7166
77.1600,2.3317
77.1800,2.2515
77.2000,1.5417
77.2200,0.7321
77.2400,0.2343
77.2600,0.0494
77.2800,0.0069
77.3000,0.0036
77.3200,0.0281
77.3400,0.1681
77.3600,0.6455
77.3800,1.5900
77.4000,2.5139
77.4200,2.5516
77.4400,1.6635
77.4600,0.7052
77.4800,0.2530
77.5000,0.3220
77.5200,0.8380
77.5400,1.6313
77.5600,2.2420
77.5800,2.2265
77.6000,1.5998
77.6200,0.8396
77.6400,0.4860
77.6600,0.8694
77.6800,2.0596
77.7000,3.5814
77.7200,4.4965
77.7400,4.2766
77.7600,3.3605
77.7800,2.7194
77.8000,2.8361
77.8200,3.2621
77.8400,3.2110
77.8600,2.3751
77.8800,1.2425
77.9000,0.5074
77.9200,0.4621
77.9400,1.1213
77.9600,2.1542
77.9800,2.6726
78.0000,2.1439
78.0200,1.2416
78.0400,0.8963
78.0600,1.1499
78.0800,1.3421
78.1000,1.0465
78.1200,0.5218
78.1400,0.1660
78.1600,0.0388
78.1800,0.0446
78.2000,0.1909
78.2200,0.5723
78.2400,1.0930
78.2600,1.3299
78.2800,1.0495
78.3000,0.6369
78.3200,0.6244
78.3400,1.1149
78.3600,1.7517
78.3800,2.1065
78.4000,2.0428
78.4200,1.7415
78.4400,1.5509
78.4600,1.5157
78.4800,1.2706
78.5000,0.7457
78.5200,0.2853
78.5400,0.0710
78.5600,0.0228
78.5800,0.0759
78.6000,0.2992
78.6200,0.7601
78.6400,1.2311
78.6600,1.2901
78.6800,0.9722
78.7000,0.8245
78.7200,1.0878
78.7400,1.3271
78.7600,1.0995
78.7800,0.5909
78.8000,0.2543
78.8200,0.3340
78.8400,0.9619
78.8600,2.0251
78.8800,2.8519
78.9000,2.9239
78.9200,2.6863
78.9400,2.7810
78.9600,3.1262
78.9800,3.0888
79.0000,2.3871
79.0200,1.6538
79.0400,1.4700
79.0600,1.5486
79.0800,1.5411
79.1000,1.5820
79.1200,1.7303
79.1400,1.9924
79.1600,2.5606
79.1800,3.1941
79.2000,3.4032
79.2200,3.2991
79.2400,3.1635
79.2600,2.9086
79.2800,2.3889
79.3000,1.6425
79.3200,0.9800
79.3400,0.8067
79.3600,1.1027
79.3800,1.3437
79.4000,1.2119
79.4200,1.0640
79.4400,1.2536
79.4600,1.5342
79.4800,1.6366
79.5000,1.7045
79.5200,1.8122
79.5400,1.8970
79.5600,2.0521
79.5800,2.4170
79.6000,3.0571
79.6200,3.6312
79.6400,3.4735
79.6600,2.5815
79.6800,1.7696
79.7000,1.5019
79.7200,1.3585
79.7400,0.9305
79.7600,0.4217
79.7800,0.1226
79.8000,0.0228
79.8200,0.0040
79.8400,0.0130
79.8600,0.0789
79.8800,0.3083
79.9000,0.7684
79.9200,1.2317
79.9400,1.3327
79.9600,1.1818
79.9800,1.2120
80.0000,1.3449
80.0200,1.1463
80.0400,0.6489
80.0600,0.2490
80.0800,0.1417
80.1000,0.3403
80.1200,0.8077
80.1400,1.2851
80.1600,1.4960
80.1800,1.7066
80.2000,2.2860
80.2200,2.8048
80.2400,2.6956
80.2600,2.1964
80.2800,1.6577
80.3000,1.0847
80.3200,0.6829
80.3400,0.7517
80.3600,1.1292
80.3800,1.2652
80.4000,0.9205
80.4200,0.4425
80.4400,0.2249
80.4600,0.3864
80.4800,0.8424
80.5000,1.2353
80.5200,1.1554
80.5400,0.6873
80.5600,0.2600
80.5800,0.0626
80.6000,0.0099
80.6200,0.0053
80.6400,0.0337
80.6600,0.1646
80.6800,0.5128
80.7000,1.0281
80.7200,1.3776
80.7400,1.4038
80.7600,1.3902
80.7800,1.4112
80.8000,1.1762
80.8200,0.7645
80.8400,0.6410
80.8600,0.9466
80.8800,1.2536
80.9000,1.1065
80.9200,0.6245
80.9400,0.2275
80.9600,0.0786
80.9800,0.1481
81.0000,0.4595
81.0200,0.9513
81.0400,1.2544
81.0600,1.0518
81.0800,0.5609
81.1000,0.1902
81.1200,0.0410
81.1400,0.0056
81.1600,0.0005
81.1800,0.0008
81.2000,0.0094
81.2200,0.0746
81.2400,0.3830
81.2600,1.2903
81.2800,2.8864
81.3000,4.3477
81.3200,4.4578
81.3400,3.1231
81.3600,1.4879
81.3800,0.4767
81.4000,0.1014
81.4200,0.0141
81.4400,0.0013
81.4600,0.0001
81.4800,0.0010
81.5000,0.0100
81.5200,0.0671
81.5400,0.2939
81.5600,0.8513
81.5800,1.6607
81.6000,2.2229
81.6200,2.0645
81.6400,1.3375
81.6600,0.6609
81.6800,0.4885
81.7000,0.8440
81.7200,1.4048
81.7400,1.7778
81.7600,1.8176
81.7800,1.5186
81.8000,0.9552
81.8200,0.4144
81.8400,0.1181
81.8600,0.0217
81.8800,0.0026
81.9000,0.0004
81.9200,0.0029
81.9400,0.0245
81.9600,0.1348
81.9800,0.4852
82.0000,1.1671
82.0200,1.9296
82.0400,2.2831
82.0600,2.0950
82.0800,1.7671
82.1000,1.5680
82.1200,1.2959
82.1400,0.9353
82.1600,0.8625
82.1800,1.1252
82.2000,1.2363
82.2200,0.9068
82.2400,0.4259
82.2600,0.1275
82.2800,0.0269
82.3000,0.0255
82.3200,0.1209
82.3400,0.4101
82.3600,0.8860
82.3800,1.2174
82.4000,1.0637
82.4200,0.5911
82.4400,0.2091
82.4600,0.0506
82.4800,0.0395
82.5000,0.1910
82.5200,0.7133
82.5400,1.7460
82.5600,2.8539
82.5800,3.2285
82.6000,2.6811
82.6200,1.8707
82.6400,1.4596
82.6600,1.3798
82.6800,1.1342
82.7000,0.6459
82.7200,0.2386
82.7400,0.0580
82.7600,0.0245
82.7800,0.0934
82.8000,0.3402
82.8200,0.7953
82.8400,1.1870
82.8600,1.1587
82.8800,0.8647
82.9000,0.8185
82.9200,1.1022
82.9400,1.2669
82.9600,1.1467
82.9800,1.2487
83.0000,1.8944
83.0200,2.4658
83.0400,2.2855
83.0600,1.8305
83.0800,1.9518
83.1000,2.3926
83.1200,2.2605
83.1400,1.5526
83.1600,1.0981
83.1800,1.2777
83.2000,1.6939
83.2200,1.8795
83.2400,1.6843
83.2600,1.1965
83.2800,0.7781
83.3000,0.7962
83.3200,1.1124
83.3400,1.1948
83.3600,0.8463
83.3800,0.4374
83.4000,0.3657
83.4200,0.6925
83.4400,1.1132
83.4600,1.1661
83.4800,0.7781
83.5000,0.3302
83.5200,0.0891
83.5400,0.0157
83.5600,0.0068
83.5800,0.0378
83.6000,0.1764
83.6200,0.5266
83.6400,1.0052
83.6600,1.2647
83.6800,1.2243
83.7000,1.3877
83.7200,2.0271
83.7400,2.5580
83.7600,2.4470
83.7800,1.9986
83.8000,1.5528
83.8200,1.0268
83.8400,0.4884
83.8600,0.1539
83.8800,0.0334
83.9000,0.0237
83.9200,0.1084
83.9400,0.3769
83.9600,0.8361
83.9800,1.1794
84.0000,1.0581
84.0200,0.6036
84.0400,0.2190
84.0600,0.0505
84.0800,0.0078
84.1000,0.0054
84.1200,0.0353
84.1400,0.1679
84.1600,0.5091
84.1800,0.9924
84.2000,1.2888
84.2200,1.2741
84.2400,1.2545
84.2600,1.3073
84.2800,1.1164
84.3000,0.6969
84.3200,0.4991
84.3400,0.8780
84.3600,1.8193
84.3800,2.8430
84.4000,3.1741
84.4200,2.4680
84.4400,1.2977
84.4600,0.4503
84.4800,0.1014
84.5000,0.0147
84.5200,0.0019
84.5400,0.0067
84.5600,0.0527
84.5800,0.2765
84.6000,0.9539
84.6200,2.1723
84.6400,3.2665
84.6600,3.2362
84.6800,2.1032
84.7000,0.8920
84.7200,0.2455
84.7400,0.0437
84.7600,0.0054
84.7800,0.0054
84.8000,0.0371
84.8200,0.1746
84.8400,0.5275
84.8600,1.0454
84.8800,1.4446
84.9000,1.5801
84.9200,1.5429
84.9400,1.3100
84.9600,0.9745
84.9800,0.9890
85.0000,1.6021
85.0200,2.4497
85.0400,3.0135
85.0600,3.1499
85.0800,2.8758
85.1000,2.2445
85.1200,1.7115
85.1400,1.7832
85.1600,2.1959
85.1800,2.2309
85.2000,1.8039
85.2200,1.4627
85.2400,1.3584
85.2600,1.1368
85.2800,0.7988
85.3000,0.7463
85.3200,1.0288
85.3400,1.1807
85.3600,0.8997
85.3800,0.4520
85.4000,0.2350
85.4200,0.4617
85.4400,1.2688
85.4600,2.4758
85.4800,3.2706
85.5000,2.9230
85.5200,1.8137
85.5400,0.9889
85.5600,0.9095
85.5800,1.1502
85.6000,1.0939
85.6200,0.6755
85.6400,0.2659
85.6600,0.0666
85.6800,0.0106
85.7000,0.0011
85.7200,0.0004
85.7400,0.0037
85.7600,0.0310
85.7800,0.1697
85.8000,0.6238
85.8200,1.5841
85.8400,2.8821
85.8600,3.9277
85.8800,4.2700
85.9000,4.0564
85.9200,3.5633
85.9400,2.7216
85.9600,1.7132
85.9800,1.1586
86.0000,1.2244
86.0200,1.4425
86.0400,1.5131
86.0600,1.4728
86.0800,1.2332
86.1000,0.7918
86.1200,0.5007
86.1400,0.6372
86.1600,1.0187
86.1800,1.1614
86.2000,0.8964
86.2200,0.6288
86.2400,0.7621
86.2600,1.1829
86.2800,1.4988
86.3000,1.5808
86.3200,1.4790
86.3400,1.1474
86.3600,0.7631
86.3800,0.7124
86.4000,1.0029
86.4200,1.1635
86.4400,0.8914
86.4600,0.4365
86.4800,0.1368
86.5000,0.0356
86.5200,0.0602
86.5400,0.2368
86.5600,0.6287
86.5800,1.0815
86.6000,1.2747
86.6200,1.2322
86.6400,1.2523
86.6600,1.2454
86.6800,0.9360
86.7000,0.4741
86.7200,0.1968
86.7400,0.2458
86.7600,0.6658
86.7800,1.4277
86.8000,2.3219
86.8200,3.0549
86.8400,3.3312
86.8600,2.9928
86.8800,2.3123
86.9000,1.7807
86.9200,1.4652
86.9400,1.0723
86.9600,0.6372
86.9800,0.5128
87.0000,0.7985
87.0200,1.1403
87.0400,1.1542
87.0600,1.0117
87.0800,1.1891
87.1000,1.7499
87.1200,2.3686
87.1400,2.6740
87.1600,2.3428
87.1800,1.4862
87.2000,0.7416
87.2200,0.6352
87.2400,1.2092
87.2600,2.0112
87.2800,2.3709
87.3000,2.1471
87.3200,1.7631
87.3400,1.3714
87.3600,0.8616
87.3800,0.3777
87.4000,0.1125
87.4200,0.0558
87.4400,0.1960
87.4600,0.6732
87.4800,1.5099
87.5000,2.1932
87.5200,2.0985
87.5400,1.5002
87.5600,1.3459
87.5800,1.9846
87.6000,2.7803
87.6200,3.0803
87.6400,2.9149
87.6600,2.4333
87.6800,1.6570
87.7000,0.9282
87.7200,0.7746
87.7400,1.3547
87.7600,2.1202
87.7800,2.1911
87.8000,1.4455
87.8200,0.6120
87.8400,0.2060
87.8600,0.2491
87.8800,0.7255
87.9000,1.5421
87.9200,2.1725
87.9400,2.0844
87.9600,1.5603
87.9800,1.2784
88.0000,1.2652
88.0200,1.1293
88.0400,0.9457
88.0600,1.0236
88.0800,1.1783
88.1000,1.0332
88.1200,0.7425
88.1400,0.7460
88.1600,1.0320
88.1800,1.1313
88.2000,0.8345
88.2200,0.4955
88.2400,0.5151
88.2600,0.8697
88.2800,1.1315
88.3000,0.9559
88.3200,0.5267
88.3400,0.2568
88.3600,0.3467
88.3800,0.7720
88.4000,1.3358
88.4200,1.8918
88.4400,2.5392
88.4600,3.1091
88.4800,3.0478
88.5000,2.3287
88.5200,1.6745
88.5400,1.7118
88.5600,2.4044
88.5800,3.2661
88.6000,3.6306
88.6200,3.0250
88.6400,1.8804
88.6600,1.2490
88.6800,1.5721
88.7000,2.1775
88.7200,2.1021
88.7400,1.3077
88.7600,0.5211
88.7800,0.1483
88.8000,0.1265
88.8200,0.4433
88.8400,1.2421
88.8600,2.3761
88.8800,3.1056
88.9000,2.7651
88.9200,1.6611
88.9400,0.6650
88.9600,0.1759
88.9800,0.0366
89.0000,0.0481
89.0200,0.1972
89.0400,0.5514
89.0600,0.9821
89.0800,1.1167
89.1000,0.8386
89.1200,0.5425
89.1400,0.6195
89.1600,0.9694
89.1800,1.1205
89.2000,0.8375
89.2200,0.3990
89.2400,0.1237
89.2600,0.0475
89.2800,0.1284
89.3000,0.4186
89.3200,0.9178
89.3400,1.3985
89.3600,1.6404
89.3800,1.6819
89.4000,1.7325
89.4200,2.1613
89.4400,3.0334
89.4600,3.6023
89.4800,3.3552
89.5000,2.8470
89.5200,2.5520
89.5400,2.2681
89.5600,1.9623
89.5800,1.8713
89.6000,1.9525
89.6200,2.0254
89.6400,2.1088
89.6600,2.2827
89.6800,2.3299
89.7000,1.9033
89.7200,1.1508
89.7400,0.6337
89.7600,0.6599
89.7800,0.9919
89.8000,1.1072
89.8200,0.7992
89.8400,0.3675
89.8600,0.1075
89.8800,0.0200
89.9000,0.0024
89.9200,0.0002
89.9400,0.0000
89.9600,0.0000
89.9800,0.0000
